game_id,round,season,encounter_cards_revealed,burdens_revealed_this_round,burden_applications_this_round,no_valid_target_burden_applications_this_round,strain_attempted_this_round,strain_placed_this_round,strain_prevented_by_supported_this_round,strain_removed_this_round,active_burdens_end_of_round,total_strain_tokens_end_of_round,tiles_at_1_strain_end_of_round,tiles_at_2_strain_end_of_round,overstrained_tiles_end_of_round,population_end_of_round,renown_end_of_round
sim-balanced-1p-001,1,I,1,0,0,0,0,0,0,0,0,0,0,0,0,0,0
sim-balanced-1p-001,2,I,1,0,0,0,0,0,0,0,0,0,0,0,0,10,5
sim-balanced-1p-001,3,I,1,0,0,0,0,0,0,0,0,0,0,0,0,10,5
sim-balanced-1p-001,4,I,1,0,0,0,0,0,0,0,0,0,0,0,0,20,10
sim-balanced-1p-001,5,II,1,0,0,0,0,0,0,0,0,0,0,0,0,20,15
sim-balanced-1p-001,6,II,1,0,0,0,0,0,0,0,0,0,0,0,0,25,45
sim-balanced-1p-001,7,II,1,0,0,0,0,0,0,0,0,0,0,0,0,30,60
sim-balanced-1p-001,8,II,1,1,1,1,0,0,0,0,0,0,0,0,0,30,70
sim-balanced-1p-001,9,III,1,0,0,0,0,0,0,0,0,0,0,0,0,35,70
sim-balanced-1p-001,10,III,1,0,0,0,0,0,0,0,0,0,0,0,0,40,70
sim-balanced-1p-001,11,III,1,1,1,1,0,0,0,0,0,0,0,0,0,49,70
sim-balanced-1p-001,12,III,1,1,1,1,3,1,2,0,1,1,1,0,0,56,70
sim-balanced-2p-001,1,I,2,0,0,0,0,0,0,0,0,0,0,0,0,0,0
sim-balanced-2p-001,2,I,2,1,1,1,0,0,0,0,0,0,0,0,0,0,0
sim-balanced-2p-001,3,I,2,0,0,0,0,0,0,0,0,0,0,0,0,5,5
sim-balanced-2p-001,4,I,2,0,0,0,1,1,0,0,0,1,1,0,0,5,20
sim-balanced-2p-001,5,II,2,0,0,0,0,0,0,0,0,1,1,0,0,15,40
sim-balanced-2p-001,6,II,2,0,0,0,0,0,0,0,0,1,1,0,0,20,86
sim-balanced-2p-001,7,II,2,0,0,0,1,1,0,0,0,2,2,0,0,25,86
sim-balanced-2p-001,8,II,2,2,3,3,0,0,0,0,1,2,2,0,0,30,93
sim-balanced-2p-001,9,III,2,0,0,0,0,0,0,0,0,2,2,0,0,47,99
sim-balanced-2p-001,10,III,2,1,1,1,0,0,0,0,0,2,2,0,0,58,101
sim-balanced-2p-001,11,III,2,1,1,0,1,0,1,0,0,2,2,0,0,68,107
sim-balanced-2p-001,12,III,2,1,1,0,3,1,2,0,1,3,3,0,0,78,117
sim-balanced-3p-001,1,I,3,0,0,0,0,0,0,0,0,0,0,0,0,0,15
sim-balanced-3p-001,2,I,3,1,1,0,1,1,0,0,0,1,1,0,0,10,26
sim-balanced-3p-001,3,I,3,0,0,0,0,0,0,0,0,1,1,0,0,10,41
sim-balanced-3p-001,4,I,3,1,1,0,1,1,0,0,0,2,2,0,0,10,41
sim-balanced-3p-001,5,II,3,0,0,0,0,0,0,0,0,2,2,0,0,20,61
sim-balanced-3p-001,6,II,3,2,2,2,2,2,0,0,1,2,2,0,0,20,67
sim-balanced-3p-001,7,II,3,0,0,0,1,1,0,0,1,3,3,0,0,25,72
sim-balanced-3p-001,8,II,3,3,3,1,5,4,1,2,0,5,5,0,0,25,72
sim-balanced-3p-001,9,III,3,0,0,0,0,0,0,0,0,5,5,0,0,59,86
sim-balanced-3p-001,10,III,3,1,1,0,3,3,0,2,0,6,4,1,0,71,91
sim-balanced-3p-001,11,III,3,2,2,1,3,1,2,0,1,7,5,1,0,90,93
sim-balanced-3p-001,12,III,3,2,2,1,3,2,1,0,0,9,7,1,0,108,99
sim-balanced-4p-001,1,I,4,0,0,0,0,0,0,0,0,0,0,0,0,0,30
sim-balanced-4p-001,2,I,4,1,1,1,0,0,0,0,0,0,0,0,0,0,30
sim-balanced-4p-001,3,I,4,2,2,2,1,1,0,0,0,1,1,0,0,0,30
sim-balanced-4p-001,4,I,4,2,2,2,1,1,0,0,0,2,2,0,0,5,35
sim-balanced-4p-001,5,II,4,0,0,0,0,0,0,0,0,2,2,0,0,10,61
sim-balanced-4p-001,6,II,4,1,1,1,2,1,1,0,1,1,1,0,0,15,109
sim-balanced-4p-001,7,II,4,0,0,0,1,1,0,0,0,2,2,0,0,20,120
sim-balanced-4p-001,8,II,4,4,6,2,11,6,5,1,2,7,3,2,0,20,120
sim-balanced-4p-001,9,III,4,0,0,0,0,0,0,2,1,5,5,0,0,45,136
sim-balanced-4p-001,10,III,4,3,3,2,1,1,0,1,1,5,5,0,0,68,143
sim-balanced-4p-001,11,III,4,3,3,0,9,7,2,1,2,11,9,1,0,95,154
sim-balanced-4p-001,12,III,4,3,3,2,3,2,1,0,2,13,11,1,0,150,170
sim-balanced-1p-002,1,I,1,0,0,0,0,0,0,0,0,0,0,0,0,0,0
sim-balanced-1p-002,2,I,1,1,1,1,0,0,0,0,0,0,0,0,0,5,5
sim-balanced-1p-002,3,I,1,0,0,0,0,0,0,0,0,0,0,0,0,10,5
sim-balanced-1p-002,4,I,1,0,0,0,0,0,0,0,0,0,0,0,0,15,5
sim-balanced-1p-002,5,II,1,0,0,0,0,0,0,0,0,0,0,0,0,15,20
sim-balanced-1p-002,6,II,1,1,1,1,0,0,0,0,0,0,0,0,0,15,50
sim-balanced-1p-002,7,II,1,0,0,0,0,0,0,0,0,0,0,0,0,15,65
sim-balanced-1p-002,8,II,1,1,1,1,0,0,0,0,0,0,0,0,0,15,65
sim-balanced-1p-002,9,III,1,0,0,0,0,0,0,0,0,0,0,0,0,20,67
sim-balanced-1p-002,10,III,1,0,0,0,0,0,0,0,0,0,0,0,0,36,67
sim-balanced-1p-002,11,III,1,1,1,0,2,0,2,0,1,0,0,0,0,43,67
sim-balanced-1p-002,12,III,1,0,0,0,0,0,0,0,1,0,0,0,0,49,68
sim-balanced-2p-002,1,I,2,0,0,0,0,0,0,0,0,0,0,0,0,0,0
sim-balanced-2p-002,2,I,2,1,1,1,0,0,0,0,0,0,0,0,0,0,0
sim-balanced-2p-002,3,I,2,0,0,0,0,0,0,0,0,0,0,0,0,0,0
sim-balanced-2p-002,4,I,2,1,1,1,0,0,0,0,0,0,0,0,0,5,15
sim-balanced-2p-002,5,II,2,0,0,0,0,0,0,0,0,0,0,0,0,10,35
sim-balanced-2p-002,6,II,2,1,1,1,0,0,0,0,1,0,0,0,0,25,40
sim-balanced-2p-002,7,II,2,0,0,0,0,0,0,0,1,0,0,0,0,49,65
sim-balanced-2p-002,8,II,2,2,5,5,0,0,0,0,3,0,0,0,0,49,65
sim-balanced-2p-002,9,III,2,0,0,0,0,0,0,0,3,0,0,0,0,49,65
sim-balanced-2p-002,10,III,2,0,0,0,0,0,0,0,3,0,0,0,0,49,66
sim-balanced-2p-002,11,III,2,1,1,0,3,1,2,0,3,1,1,0,0,54,66
sim-balanced-2p-002,12,III,2,1,1,1,4,4,0,0,4,5,1,2,0,70,67
sim-balanced-3p-002,1,I,3,0,0,0,0,0,0,0,0,0,0,0,0,0,15
sim-balanced-3p-002,2,I,3,1,1,1,0,0,0,0,0,0,0,0,0,5,36
sim-balanced-3p-002,3,I,3,1,1,1,0,0,0,0,1,0,0,0,0,5,65
sim-balanced-3p-002,4,I,3,1,2,2,0,0,0,0,1,0,0,0,0,15,100
sim-balanced-3p-002,5,II,3,0,0,0,1,1,0,0,1,1,1,0,0,25,115
sim-balanced-3p-002,6,II,3,1,1,0,3,3,0,1,2,3,3,0,0,25,126
sim-balanced-3p-002,7,II,3,0,0,0,2,1,1,0,1,4,4,0,0,35,136
sim-balanced-3p-002,8,II,3,3,5,1,10,9,1,0,2,13,5,4,0,35,137
sim-balanced-3p-002,9,III,3,1,1,0,3,2,0,0,0,15,5,2,2,55,148
sim-balanced-3p-002,10,III,3,1,1,1,0,0,0,0,0,15,5,2,2,65,183
sim-balanced-3p-002,11,III,3,2,2,2,0,0,0,0,0,15,5,2,2,92,188
sim-balanced-3p-002,12,III,3,2,2,0,4,3,1,0,0,18,6,0,4,119,170
sim-balanced-4p-002,1,I,4,0,0,0,0,0,0,0,0,0,0,0,0,0,30
sim-balanced-4p-002,2,I,4,1,1,1,0,0,0,0,0,0,0,0,0,0,30
sim-balanced-4p-002,3,I,4,1,1,1,1,1,0,0,0,1,1,0,0,0,30
sim-balanced-4p-002,4,I,4,0,0,0,0,0,0,0,0,1,1,0,0,5,35
sim-balanced-4p-002,5,II,4,0,0,0,0,0,0,0,0,1,1,0,0,35,55
sim-balanced-4p-002,6,II,4,2,2,1,4,2,2,0,1,3,3,0,0,40,91
sim-balanced-4p-002,7,II,4,0,0,0,2,1,1,0,0,3,3,0,0,50,108
sim-balanced-4p-002,8,II,4,4,7,3,11,5,6,0,3,8,6,1,0,50,114
sim-balanced-4p-002,9,III,4,0,0,0,0,0,0,0,1,8,6,1,0,60,119
sim-balanced-4p-002,10,III,4,3,3,1,4,4,0,0,3,12,8,2,0,70,150
sim-balanced-4p-002,11,III,4,3,3,0,6,4,2,3,5,13,8,1,1,75,168
sim-balanced-4p-002,12,III,4,3,3,1,6,5,1,0,4,18,6,3,2,75,168
sim-balanced-1p-003,1,I,1,0,0,0,0,0,0,0,0,0,0,0,0,0,0
sim-balanced-1p-003,2,I,1,0,0,0,0,0,0,0,0,0,0,0,0,0,0
sim-balanced-1p-003,3,I,1,0,0,0,0,0,0,0,0,0,0,0,0,5,0
sim-balanced-1p-003,4,I,1,0,0,0,0,0,0,0,0,0,0,0,0,5,0
sim-balanced-1p-003,5,II,1,0,0,0,0,0,0,0,0,0,0,0,0,15,5
sim-balanced-1p-003,6,II,1,0,0,0,0,0,0,0,0,0,0,0,0,25,30
sim-balanced-1p-003,7,II,1,0,0,0,0,0,0,0,0,0,0,0,0,25,60
sim-balanced-1p-003,8,II,1,1,1,0,2,2,0,0,0,2,2,0,0,25,75
sim-balanced-1p-003,9,III,1,0,0,0,0,0,0,0,0,2,2,0,0,30,80
sim-balanced-1p-003,10,III,1,1,1,0,3,2,1,0,0,4,4,0,0,35,80
sim-balanced-1p-003,11,III,1,1,1,0,3,3,0,0,1,7,7,0,0,40,80
sim-balanced-1p-003,12,III,1,1,1,0,2,2,0,2,2,7,7,0,0,51,80
sim-balanced-2p-003,1,I,2,0,0,0,0,0,0,0,0,0,0,0,0,0,0
sim-balanced-2p-003,2,I,2,1,1,1,0,0,0,0,0,0,0,0,0,0,0
sim-balanced-2p-003,3,I,2,0,0,0,0,0,0,0,0,0,0,0,0,10,11
sim-balanced-2p-003,4,I,2,1,1,1,0,0,0,0,0,0,0,0,0,10,26
sim-balanced-2p-003,5,II,2,0,0,0,0,0,0,0,0,0,0,0,0,10,76
sim-balanced-2p-003,6,II,2,0,0,0,0,0,0,0,0,0,0,0,0,10,79
sim-balanced-2p-003,7,II,2,0,0,0,0,0,0,0,0,0,0,0,0,10,79
sim-balanced-2p-003,8,II,2,2,3,3,2,2,0,0,1,2,2,0,0,10,89
sim-balanced-2p-003,9,III,2,0,0,0,0,0,0,0,0,2,2,0,0,39,89
sim-balanced-2p-003,10,III,2,1,1,1,2,2,0,0,1,4,4,0,0,49,89
sim-balanced-2p-003,11,III,2,1,1,1,0,0,0,0,2,4,4,0,0,66,90
sim-balanced-2p-003,12,III,2,1,1,1,0,0,0,0,2,4,4,0,0,78,97
sim-balanced-3p-003,1,I,3,0,0,0,0,0,0,0,0,0,0,0,0,0,15
sim-balanced-3p-003,2,I,3,0,0,0,0,0,0,0,0,0,0,0,0,0,30
sim-balanced-3p-003,3,I,3,1,1,1,1,1,0,0,0,1,1,0,0,10,40
sim-balanced-3p-003,4,I,3,2,2,1,1,1,0,0,0,2,2,0,0,10,40
sim-balanced-3p-003,5,II,3,0,0,0,0,0,0,0,0,2,2,0,0,25,71
sim-balanced-3p-003,6,II,3,2,2,2,0,0,0,0,1,2,2,0,0,30,78
sim-balanced-3p-003,7,II,3,0,0,0,0,0,0,0,1,1,1,0,0,60,103
sim-balanced-3p-003,8,II,3,3,7,2,12,10,2,0,4,11,5,0,2,67,124
sim-balanced-3p-003,9,III,3,0,0,0,0,0,0,2,2,6,3,0,1,83,127
sim-balanced-3p-003,10,III,3,1,1,1,0,0,0,0,2,6,3,0,1,112,137
sim-balanced-3p-003,11,III,3,2,2,1,3,2,1,0,1,8,5,0,1,125,138
sim-balanced-3p-003,12,III,3,2,2,1,3,1,2,1,0,8,5,0,1,145,140
sim-balanced-4p-003,1,I,4,0,0,0,0,0,0,0,0,0,0,0,0,0,30
sim-balanced-4p-003,2,I,4,1,1,1,0,0,0,0,0,0,0,0,0,0,30
sim-balanced-4p-003,3,I,4,1,1,1,1,0,1,0,0,0,0,0,0,10,46
sim-balanced-4p-003,4,I,4,0,0,0,1,1,0,0,0,1,1,0,0,10,48
sim-balanced-4p-003,5,II,4,0,0,0,1,1,0,0,0,2,2,0,0,15,105
sim-balanced-4p-003,6,II,4,2,2,1,4,3,1,0,1,5,3,1,0,20,110
sim-balanced-4p-003,7,II,4,0,0,0,1,0,1,2,1,3,3,0,0,25,145
sim-balanced-4p-003,8,II,4,4,6,2,9,4,5,1,2,6,4,1,0,25,151
sim-balanced-4p-003,9,III,4,2,2,2,5,4,1,0,3,10,8,1,0,35,182
sim-balanced-4p-003,10,III,4,3,3,2,3,3,0,0,3,13,6,2,1,35,182
sim-balanced-4p-003,11,III,4,3,3,1,4,4,0,1,5,16,4,3,2,35,173
sim-balanced-4p-003,12,III,4,2,2,0,4,2,2,1,5,17,7,2,2,35,173
sim-balanced-1p-004,1,I,1,0,0,0,0,0,0,0,0,0,0,0,0,0,0
sim-balanced-1p-004,2,I,1,1,1,1,0,0,0,0,0,0,0,0,0,5,0
sim-balanced-1p-004,3,I,1,0,0,0,0,0,0,0,0,0,0,0,0,5,0
sim-balanced-1p-004,4,I,1,0,0,0,0,0,0,0,0,0,0,0,0,10,0
sim-balanced-1p-004,5,II,1,0,0,0,0,0,0,0,0,0,0,0,0,10,10
sim-balanced-1p-004,6,II,1,1,1,1,0,0,0,0,0,0,0,0,0,15,35
sim-balanced-1p-004,7,II,1,0,0,0,0,0,0,0,0,0,0,0,0,15,55
sim-balanced-1p-004,8,II,1,1,2,2,0,0,0,0,1,0,0,0,0,15,61
sim-balanced-1p-004,9,III,1,0,0,0,1,1,0,0,1,1,1,0,0,20,61
sim-balanced-1p-004,10,III,1,0,0,0,0,0,0,0,1,1,1,0,0,20,66
sim-balanced-1p-004,11,III,1,1,1,1,1,1,0,0,2,2,2,0,0,25,67
sim-balanced-1p-004,12,III,1,1,1,1,0,0,0,0,3,2,2,0,0,34,67
sim-balanced-2p-004,1,I,2,0,0,0,0,0,0,0,0,0,0,0,0,0,0
sim-balanced-2p-004,2,I,2,1,1,1,0,0,0,0,0,0,0,0,0,0,0
sim-balanced-2p-004,3,I,2,0,0,0,0,0,0,0,0,0,0,0,0,5,20
sim-balanced-2p-004,4,I,2,0,0,0,0,0,0,0,0,0,0,0,0,25,30
sim-balanced-2p-004,5,II,2,0,0,0,0,0,0,0,0,0,0,0,0,25,65
sim-balanced-2p-004,6,II,2,1,1,1,0,0,0,0,1,0,0,0,0,25,65
sim-balanced-2p-004,7,II,2,0,0,0,0,0,0,0,1,0,0,0,0,25,74
sim-balanced-2p-004,8,II,2,2,5,5,0,0,0,0,3,0,0,0,0,25,74
sim-balanced-2p-004,9,III,2,0,0,0,0,0,0,0,2,0,0,0,0,35,80
sim-balanced-2p-004,10,III,2,2,2,1,2,1,1,0,3,1,1,0,0,50,86
sim-balanced-2p-004,11,III,2,1,1,0,3,1,2,0,3,2,2,0,0,50,86
sim-balanced-2p-004,12,III,2,1,1,0,3,2,1,0,3,4,4,0,0,65,97
sim-balanced-3p-004,1,I,3,0,0,0,0,0,0,0,0,0,0,0,0,0,15
sim-balanced-3p-004,2,I,3,3,3,3,0,0,0,0,0,0,0,0,0,0,30
sim-balanced-3p-004,3,I,3,1,1,1,1,1,0,0,0,1,1,0,0,0,35
sim-balanced-3p-004,4,I,3,1,1,1,0,0,0,0,0,1,1,0,0,5,40
sim-balanced-3p-004,5,II,3,0,0,0,0,0,0,0,0,1,1,0,0,20,61
sim-balanced-3p-004,6,II,3,0,0,0,0,0,0,0,0,0,0,0,0,20,66
sim-balanced-3p-004,7,II,3,0,0,0,0,0,0,0,0,0,0,0,0,30,90
sim-balanced-3p-004,8,II,3,3,5,0,12,8,3,0,2,8,3,1,1,35,95
sim-balanced-3p-004,9,III,3,0,0,0,0,0,0,2,2,4,4,0,0,52,101
sim-balanced-3p-004,10,III,3,0,0,0,0,0,0,0,2,4,4,0,0,72,141
sim-balanced-3p-004,11,III,3,2,2,1,2,2,0,0,2,6,6,0,0,94,142
sim-balanced-3p-004,12,III,3,1,1,0,2,1,1,0,2,7,5,1,0,156,142
sim-balanced-4p-004,1,I,4,0,0,0,0,0,0,0,0,0,0,0,0,0,30
sim-balanced-4p-004,2,I,4,1,1,1,0,0,0,0,0,0,0,0,0,0,30
sim-balanced-4p-004,3,I,4,0,0,0,2,2,0,0,0,2,2,0,0,0,30
sim-balanced-4p-004,4,I,4,1,1,0,3,3,0,0,0,5,3,1,0,0,30
sim-balanced-4p-004,5,II,4,0,0,0,0,0,0,0,0,2,2,0,0,15,45
sim-balanced-4p-004,6,II,4,2,2,1,4,1,3,0,1,3,3,0,0,35,62
sim-balanced-4p-004,7,II,4,0,0,0,1,1,0,0,1,2,2,0,0,35,89
sim-balanced-4p-004,8,II,4,4,6,3,8,7,1,2,2,7,5,1,0,35,123
sim-balanced-4p-004,9,III,4,0,0,0,1,1,0,0,1,8,6,1,0,40,139
sim-balanced-4p-004,10,III,4,3,3,1,4,4,0,1,1,11,5,3,0,50,150
sim-balanced-4p-004,11,III,4,1,1,0,3,3,0,0,1,14,4,2,2,65,160
sim-balanced-4p-004,12,III,4,2,2,1,3,3,0,0,1,17,7,2,2,87,160
sim-balanced-1p-005,1,I,1,0,0,0,0,0,0,0,0,0,0,0,0,0,0
sim-balanced-1p-005,2,I,1,0,0,0,0,0,0,0,0,0,0,0,0,0,0
sim-balanced-1p-005,3,I,1,0,0,0,0,0,0,0,0,0,0,0,0,5,0
sim-balanced-1p-005,4,I,1,0,0,0,0,0,0,0,0,0,0,0,0,10,5
sim-balanced-1p-005,5,II,1,0,0,0,0,0,0,0,0,0,0,0,0,25,10
sim-balanced-1p-005,6,II,1,1,1,1,0,0,0,0,0,0,0,0,0,25,40
sim-balanced-1p-005,7,II,1,0,0,0,0,0,0,0,0,0,0,0,0,25,60
sim-balanced-1p-005,8,II,1,1,2,2,0,0,0,0,1,0,0,0,0,25,60
sim-balanced-1p-005,9,III,1,0,0,0,0,0,0,0,1,0,0,0,0,34,61
sim-balanced-1p-005,10,III,1,0,0,0,0,0,0,0,1,0,0,0,0,41,61
sim-balanced-1p-005,11,III,1,1,1,0,3,3,0,0,2,3,3,0,0,46,62
sim-balanced-1p-005,12,III,1,1,1,1,0,0,0,0,3,3,3,0,0,52,63
sim-balanced-2p-005,1,I,2,0,0,0,0,0,0,0,0,0,0,0,0,0,0
sim-balanced-2p-005,2,I,2,0,0,0,0,0,0,0,0,0,0,0,0,0,5
sim-balanced-2p-005,3,I,2,1,1,0,1,1,0,0,0,1,1,0,0,0,20
sim-balanced-2p-005,4,I,2,0,0,0,0,0,0,0,0,1,1,0,0,0,20
sim-balanced-2p-005,5,II,2,0,0,0,0,0,0,0,0,1,1,0,0,19,25
sim-balanced-2p-005,6,II,2,2,2,2,1,1,0,0,1,2,2,0,0,24,56
sim-balanced-2p-005,7,II,2,0,0,0,1,1,0,0,0,3,3,0,0,24,71
sim-balanced-2p-005,8,II,2,2,4,2,4,3,1,0,2,6,6,0,0,24,86
sim-balanced-2p-005,9,III,2,0,0,0,1,0,1,0,2,6,6,0,0,34,86
sim-balanced-2p-005,10,III,2,1,1,0,2,2,0,3,2,5,5,0,0,45,88
sim-balanced-2p-005,11,III,2,1,1,0,1,1,0,0,3,6,6,0,0,67,89
sim-balanced-2p-005,12,III,2,1,1,0,2,2,0,1,3,7,7,0,0,67,89
sim-balanced-3p-005,1,I,3,0,0,0,0,0,0,0,0,0,0,0,0,0,15
sim-balanced-3p-005,2,I,3,1,1,1,0,0,0,0,0,0,0,0,0,5,56
sim-balanced-3p-005,3,I,3,0,0,0,2,2,0,0,0,2,2,0,0,10,61
sim-balanced-3p-005,4,I,3,0,0,0,0,0,0,0,0,2,2,0,0,20,66
sim-balanced-3p-005,5,II,3,0,0,0,0,0,0,0,0,2,2,0,0,25,71
sim-balanced-3p-005,6,II,3,1,1,1,0,0,0,0,0,2,2,0,0,25,71
sim-balanced-3p-005,7,II,3,0,0,0,0,0,0,0,0,2,2,0,0,30,72
sim-balanced-3p-005,8,II,3,3,4,4,1,1,0,0,1,3,3,0,0,30,81
sim-balanced-3p-005,9,III,3,1,1,0,3,3,0,0,0,6,1,1,1,35,80
sim-balanced-3p-005,10,III,3,2,2,1,2,2,0,1,0,5,3,1,0,35,81
sim-balanced-3p-005,11,III,3,2,2,1,3,3,0,0,2,8,6,1,0,67,87
sim-balanced-3p-005,12,III,3,2,2,1,3,3,0,0,4,11,9,1,0,80,89
sim-balanced-4p-005,1,I,4,0,0,0,0,0,0,0,0,0,0,0,0,0,30
sim-balanced-4p-005,2,I,4,1,1,1,0,0,0,0,0,0,0,0,0,0,30
sim-balanced-4p-005,3,I,4,1,1,1,0,0,0,0,0,0,0,0,0,0,30
sim-balanced-4p-005,4,I,4,0,0,0,1,0,1,0,0,0,0,0,0,30,61
sim-balanced-4p-005,5,II,4,0,0,0,1,1,0,0,0,1,1,0,0,35,116
sim-balanced-4p-005,6,II,4,0,0,0,0,0,0,0,0,1,1,0,0,35,130
sim-balanced-4p-005,7,II,4,0,0,0,2,1,1,0,0,1,1,0,0,35,144
sim-balanced-4p-005,8,II,4,4,7,5,5,3,2,0,3,4,2,1,0,45,149
sim-balanced-4p-005,9,III,4,1,1,1,2,1,1,1,3,4,4,0,0,50,154
sim-balanced-4p-005,10,III,4,3,3,0,7,3,4,2,4,5,5,0,0,80,155
sim-balanced-4p-005,11,III,4,2,2,1,3,2,1,0,5,7,7,0,0,102,155
sim-balanced-4p-005,12,III,4,3,3,1,4,3,1,0,6,10,6,2,0,112,175
sim-balanced-1p-006,1,I,1,0,0,0,0,0,0,0,0,0,0,0,0,0,0
sim-balanced-1p-006,2,I,1,0,0,0,0,0,0,0,0,0,0,0,0,29,0
sim-balanced-1p-006,3,I,1,0,0,0,0,0,0,0,0,0,0,0,0,29,20
sim-balanced-1p-006,4,I,1,0,0,0,0,0,0,0,0,0,0,0,0,29,35
sim-balanced-1p-006,5,II,1,0,0,0,0,0,0,0,0,0,0,0,0,29,35
sim-balanced-1p-006,6,II,1,0,0,0,0,0,0,0,0,0,0,0,0,29,35
sim-balanced-1p-006,7,II,1,0,0,0,0,0,0,0,0,0,0,0,0,29,35
sim-balanced-1p-006,8,II,1,1,2,0,5,4,0,0,1,4,1,0,1,29,35
sim-balanced-1p-006,9,III,1,1,1,1,0,0,0,0,1,4,1,0,1,29,35
sim-balanced-1p-006,10,III,1,1,1,1,0,0,0,0,1,4,1,0,1,34,35
sim-balanced-1p-006,11,III,1,1,1,0,3,3,0,0,1,7,2,1,1,34,35
sim-balanced-1p-006,12,III,1,1,1,0,2,1,1,0,1,8,3,1,1,39,35
sim-balanced-2p-006,1,I,2,0,0,0,0,0,0,0,0,0,0,0,0,0,0
sim-balanced-2p-006,2,I,2,0,0,0,0,0,0,0,0,0,0,0,0,0,0
sim-balanced-2p-006,3,I,2,0,0,0,0,0,0,0,0,0,0,0,0,0,20
sim-balanced-2p-006,4,I,2,0,0,0,0,0,0,0,0,0,0,0,0,0,30
sim-balanced-2p-006,5,II,2,0,0,0,0,0,0,0,0,0,0,0,0,34,65
sim-balanced-2p-006,6,II,2,1,1,1,2,2,0,0,1,2,2,0,0,34,81
sim-balanced-2p-006,7,II,2,0,0,0,0,0,0,0,1,2,2,0,0,34,81
sim-balanced-2p-006,8,II,2,2,5,4,2,2,0,0,3,4,0,2,0,34,92
sim-balanced-2p-006,9,III,2,0,0,0,4,2,0,0,1,6,0,0,2,40,93
sim-balanced-2p-006,10,III,2,2,2,1,3,2,1,0,0,8,2,0,2,40,93
sim-balanced-2p-006,11,III,2,1,1,1,0,0,0,0,0,8,2,0,2,45,93
sim-balanced-2p-006,12,III,2,2,2,2,0,0,0,0,0,8,2,0,2,60,103
sim-balanced-3p-006,1,I,3,0,0,0,0,0,0,0,0,0,0,0,0,0,15
sim-balanced-3p-006,2,I,3,2,2,1,1,1,0,0,0,1,1,0,0,0,30
sim-balanced-3p-006,3,I,3,0,0,0,0,0,0,0,0,1,1,0,0,0,30
sim-balanced-3p-006,4,I,3,0,0,0,0,0,0,0,0,1,1,0,0,5,45
sim-balanced-3p-006,5,II,3,0,0,0,1,1,0,0,0,2,2,0,0,20,62
sim-balanced-3p-006,6,II,3,1,1,0,2,2,0,0,0,3,1,1,0,30,73
sim-balanced-3p-006,7,II,3,0,0,0,0,0,0,1,0,2,2,0,0,35,101
sim-balanced-3p-006,8,II,3,3,4,1,4,2,2,0,1,4,2,1,0,35,101
sim-balanced-3p-006,9,III,3,0,0,0,0,0,0,1,1,3,3,0,0,62,106
sim-balanced-3p-006,10,III,3,1,1,1,0,0,0,0,1,2,2,0,0,62,111
sim-balanced-3p-006,11,III,3,1,1,0,3,2,1,0,2,4,4,0,0,103,116
sim-balanced-3p-006,12,III,3,2,2,0,4,4,0,0,3,7,5,1,0,117,149
sim-balanced-4p-006,1,I,4,0,0,0,0,0,0,0,0,0,0,0,0,0,30
sim-balanced-4p-006,2,I,4,0,0,0,0,0,0,0,0,0,0,0,0,0,30
sim-balanced-4p-006,3,I,4,1,1,0,5,5,0,0,0,5,5,0,0,0,58
sim-balanced-4p-006,4,I,4,2,4,4,1,1,0,0,2,6,6,0,0,5,97
sim-balanced-4p-006,5,II,4,0,0,0,1,1,0,0,0,7,7,0,0,5,102
sim-balanced-4p-006,6,II,4,1,1,1,2,2,0,0,0,9,9,0,0,10,107
sim-balanced-4p-006,7,II,4,0,0,0,2,2,0,0,0,11,11,0,0,10,134
sim-balanced-4p-006,8,II,4,4,4,2,4,3,1,1,0,13,11,1,0,10,151
sim-balanced-4p-006,9,III,4,0,0,0,0,0,0,0,0,13,11,1,0,40,172
sim-balanced-4p-006,10,III,4,2,2,2,0,0,0,2,0,11,11,0,0,62,172
sim-balanced-4p-006,11,III,4,3,3,3,0,0,0,0,1,11,11,0,0,84,172
sim-balanced-4p-006,12,III,4,3,3,0,9,7,1,1,1,17,8,3,1,84,172
sim-balanced-1p-007,1,I,1,0,0,0,0,0,0,0,0,0,0,0,0,0,0
sim-balanced-1p-007,2,I,1,0,0,0,0,0,0,0,0,0,0,0,0,5,0
sim-balanced-1p-007,3,I,1,0,0,0,0,0,0,0,0,0,0,0,0,10,0
sim-balanced-1p-007,4,I,1,1,1,1,0,0,0,0,0,0,0,0,0,10,0
sim-balanced-1p-007,5,II,1,0,0,0,0,0,0,0,0,0,0,0,0,10,5
sim-balanced-1p-007,6,II,1,0,0,0,0,0,0,0,0,0,0,0,0,10,35
sim-balanced-1p-007,7,II,1,0,0,0,0,0,0,0,0,0,0,0,0,10,50
sim-balanced-1p-007,8,II,1,1,1,1,0,0,0,0,0,0,0,0,0,10,61
sim-balanced-1p-007,9,III,1,0,0,0,0,0,0,0,0,0,0,0,0,20,62
sim-balanced-1p-007,10,III,1,0,0,0,0,0,0,0,0,0,0,0,0,25,62
sim-balanced-1p-007,11,III,1,1,1,0,2,1,1,0,1,1,1,0,0,34,62
sim-balanced-1p-007,12,III,1,0,0,0,0,0,0,0,1,1,1,0,0,45,64
sim-balanced-2p-007,1,I,2,0,0,0,0,0,0,0,0,0,0,0,0,0,0
sim-balanced-2p-007,2,I,2,1,1,1,0,0,0,0,0,0,0,0,0,0,0
sim-balanced-2p-007,3,I,2,1,1,1,0,0,0,0,0,0,0,0,0,5,0
sim-balanced-2p-007,4,I,2,0,0,0,0,0,0,0,0,0,0,0,0,5,20
sim-balanced-2p-007,5,II,2,0,0,0,0,0,0,0,0,0,0,0,0,15,50
sim-balanced-2p-007,6,II,2,0,0,0,2,2,0,0,0,2,2,0,0,15,70
sim-balanced-2p-007,7,II,2,0,0,0,0,0,0,0,0,0,0,0,0,15,81
sim-balanced-2p-007,8,II,2,2,4,4,1,1,0,0,2,1,1,0,0,15,81
sim-balanced-2p-007,9,III,2,0,0,0,1,1,0,0,2,2,2,0,0,15,95
sim-balanced-2p-007,10,III,2,2,2,1,2,1,1,0,4,3,3,0,0,15,135
sim-balanced-2p-007,11,III,2,1,1,1,0,0,0,0,4,3,3,0,0,25,158
sim-balanced-2p-007,12,III,2,2,2,0,3,3,0,1,5,5,3,1,0,35,163
sim-balanced-3p-007,1,I,3,0,0,0,0,0,0,0,0,0,0,0,0,0,15
sim-balanced-3p-007,2,I,3,0,0,0,0,0,0,0,0,0,0,0,0,0,30
sim-balanced-3p-007,3,I,3,1,1,1,0,0,0,0,0,0,0,0,0,0,30
sim-balanced-3p-007,4,I,3,0,0,0,0,0,0,0,0,0,0,0,0,5,40
sim-balanced-3p-007,5,II,3,0,0,0,0,0,0,0,0,0,0,0,0,44,60
sim-balanced-3p-007,6,II,3,1,1,1,1,0,1,0,0,0,0,0,0,59,65
sim-balanced-3p-007,7,II,3,0,0,0,0,0,0,0,0,0,0,0,0,86,102
sim-balanced-3p-007,8,II,3,3,5,3,6,5,1,0,2,5,0,1,1,86,103
sim-balanced-3p-007,9,III,3,0,0,0,0,0,0,0,1,5,0,1,1,107,113
sim-balanced-3p-007,10,III,3,1,1,0,3,3,0,1,1,7,1,3,0,114,120
sim-balanced-3p-007,11,III,3,3,3,1,6,5,1,0,3,12,6,3,0,120,143
sim-balanced-3p-007,12,III,3,2,2,1,2,1,1,0,3,13,5,4,0,120,173
sim-balanced-4p-007,1,I,4,0,0,0,0,0,0,0,0,0,0,0,0,0,30
sim-balanced-4p-007,2,I,4,1,1,1,1,1,0,0,1,1,1,0,0,0,30
sim-balanced-4p-007,3,I,4,1,1,1,3,3,0,0,2,4,4,0,0,0,67
sim-balanced-4p-007,4,I,4,0,2,2,1,1,0,0,2,5,5,0,0,0,102
sim-balanced-4p-007,5,II,4,0,0,0,1,1,0,0,1,6,6,0,0,0,114
sim-balanced-4p-007,6,II,4,3,3,3,2,2,0,0,1,8,8,0,0,0,114
sim-balanced-4p-007,7,II,4,0,0,0,2,2,0,0,1,10,10,0,0,0,174
sim-balanced-4p-007,8,II,4,4,6,4,4,4,0,3,2,11,9,1,0,0,206
sim-balanced-4p-007,9,III,4,1,1,0,3,3,0,1,2,13,9,2,0,25,221
sim-balanced-4p-007,10,III,4,2,2,0,4,3,1,0,2,16,8,4,0,43,226
sim-balanced-4p-007,11,III,4,3,3,1,6,4,0,0,3,20,8,3,2,65,226
sim-balanced-4p-007,12,III,4,3,3,1,6,6,0,2,4,20,10,2,2,94,225
sim-balanced-1p-008,1,I,1,0,0,0,0,0,0,0,0,0,0,0,0,0,0
sim-balanced-1p-008,2,I,1,1,1,1,0,0,0,0,0,0,0,0,0,5,0
sim-balanced-1p-008,3,I,1,0,0,0,0,0,0,0,0,0,0,0,0,5,0
sim-balanced-1p-008,4,I,1,0,0,0,0,0,0,0,0,0,0,0,0,15,5
sim-balanced-1p-008,5,II,1,0,0,0,0,0,0,0,0,0,0,0,0,29,5
sim-balanced-1p-008,6,II,1,0,0,0,0,0,0,0,0,0,0,0,0,34,35
sim-balanced-1p-008,7,II,1,0,0,0,0,0,0,0,0,0,0,0,0,34,50
sim-balanced-1p-008,8,II,1,1,1,0,1,1,0,0,0,1,1,0,0,34,60
sim-balanced-1p-008,9,III,1,0,0,0,0,0,0,0,0,1,1,0,0,39,61
sim-balanced-1p-008,10,III,1,0,0,0,0,0,0,0,0,1,1,0,0,44,61
sim-balanced-1p-008,11,III,1,1,1,1,0,0,0,0,0,1,1,0,0,50,62
sim-balanced-1p-008,12,III,1,1,1,0,3,3,0,1,0,3,3,0,0,56,62
sim-balanced-2p-008,1,I,2,0,0,0,0,0,0,0,0,0,0,0,0,0,0
sim-balanced-2p-008,2,I,2,0,0,0,0,0,0,0,0,0,0,0,0,19,5
sim-balanced-2p-008,3,I,2,1,1,1,0,0,0,0,0,0,0,0,0,19,30
sim-balanced-2p-008,4,I,2,0,0,0,1,1,0,0,0,1,1,0,0,19,41
sim-balanced-2p-008,5,II,2,0,0,0,0,0,0,0,0,1,1,0,0,19,56
sim-balanced-2p-008,6,II,2,0,0,0,1,1,0,0,0,2,2,0,0,19,56
sim-balanced-2p-008,7,II,2,0,0,0,1,1,0,0,0,1,1,0,0,19,56
sim-balanced-2p-008,8,II,2,2,4,1,8,8,0,0,2,9,1,4,0,19,56
sim-balanced-2p-008,9,III,2,1,1,0,1,1,0,2,1,8,2,3,0,19,56
sim-balanced-2p-008,10,III,2,1,1,0,1,0,1,0,2,8,2,3,0,34,63
sim-balanced-2p-008,11,III,2,2,2,1,3,3,0,1,4,10,2,4,0,39,63
sim-balanced-2p-008,12,III,2,2,2,1,6,5,1,0,6,15,2,5,1,39,48
sim-balanced-3p-008,1,I,3,0,0,0,0,0,0,0,0,0,0,0,0,0,15
sim-balanced-3p-008,2,I,3,1,1,0,1,1,0,0,0,1,1,0,0,0,30
sim-balanced-3p-008,3,I,3,0,0,0,0,0,0,0,0,0,0,0,0,0,35
sim-balanced-3p-008,4,I,3,0,0,0,1,1,0,0,0,1,1,0,0,5,58
sim-balanced-3p-008,5,II,3,0,0,0,1,0,1,0,0,1,1,0,0,10,96
sim-balanced-3p-008,6,II,3,1,1,0,4,3,1,0,0,4,4,0,0,15,101
sim-balanced-3p-008,7,II,3,0,0,0,2,1,1,0,0,5,5,0,0,15,151
sim-balanced-3p-008,8,II,3,3,5,4,2,1,1,0,2,6,6,0,0,15,177
sim-balanced-3p-008,9,III,3,0,0,0,0,0,0,0,1,6,6,0,0,43,187
sim-balanced-3p-008,10,III,3,2,2,2,0,0,0,0,2,6,6,0,0,61,187
sim-balanced-3p-008,11,III,3,3,3,2,2,2,0,0,4,8,8,0,0,83,187
sim-balanced-3p-008,12,III,3,2,2,1,3,2,1,0,5,10,6,2,0,103,187
sim-balanced-4p-008,1,I,4,0,0,0,0,0,0,0,0,0,0,0,0,0,30
sim-balanced-4p-008,2,I,4,2,2,1,1,1,0,0,1,1,1,0,0,0,30
sim-balanced-4p-008,3,I,4,0,0,0,0,0,0,0,1,1,1,0,0,0,30
sim-balanced-4p-008,4,I,4,1,2,1,4,4,0,0,1,5,2,0,1,0,30
sim-balanced-4p-008,5,II,4,0,0,0,0,0,0,0,1,3,3,0,0,20,51
sim-balanced-4p-008,6,II,4,1,1,0,1,1,0,0,1,4,4,0,0,40,66
sim-balanced-4p-008,7,II,4,1,1,0,2,1,1,0,1,5,3,1,0,45,78
sim-balanced-4p-008,8,II,4,4,7,4,8,5,3,0,3,10,3,2,1,45,83
sim-balanced-4p-008,9,III,4,1,1,1,0,0,0,0,2,10,3,2,1,45,103
sim-balanced-4p-008,10,III,4,3,3,1,4,3,1,0,2,13,6,2,1,65,109
sim-balanced-4p-008,11,III,4,2,2,1,2,2,0,0,3,15,8,2,1,96,114
sim-balanced-4p-008,12,III,4,3,3,2,3,1,2,0,4,16,9,2,1,116,129
sim-balanced-1p-009,1,I,1,0,0,0,0,0,0,0,0,0,0,0,0,0,0
sim-balanced-1p-009,2,I,1,0,0,0,0,0,0,0,0,0,0,0,0,0,0
sim-balanced-1p-009,3,I,1,0,0,0,0,0,0,0,0,0,0,0,0,5,0
sim-balanced-1p-009,4,I,1,0,0,0,0,0,0,0,0,0,0,0,0,25,10
sim-balanced-1p-009,5,II,1,0,0,0,0,0,0,0,0,0,0,0,0,25,35
sim-balanced-1p-009,6,II,1,1,1,1,0,0,0,0,0,0,0,0,0,25,50
sim-balanced-1p-009,7,II,1,0,0,0,0,0,0,0,0,0,0,0,0,25,65
sim-balanced-1p-009,8,II,1,1,1,1,0,0,0,0,0,0,0,0,0,25,65
sim-balanced-1p-009,9,III,1,0,0,0,0,0,0,0,0,0,0,0,0,25,65
sim-balanced-1p-009,10,III,1,0,0,0,0,0,0,0,0,0,0,0,0,30,65
sim-balanced-1p-009,11,III,1,1,1,1,1,1,0,0,0,1,1,0,0,39,66
sim-balanced-1p-009,12,III,1,0,0,0,0,0,0,0,0,1,1,0,0,44,67
sim-balanced-2p-009,1,I,2,0,0,0,0,0,0,0,0,0,0,0,0,0,0
sim-balanced-2p-009,2,I,2,1,1,1,0,0,0,0,0,0,0,0,0,0,0
sim-balanced-2p-009,3,I,2,1,1,1,0,0,0,0,0,0,0,0,0,5,0
sim-balanced-2p-009,4,I,2,1,2,2,0,0,0,0,1,0,0,0,0,5,15
sim-balanced-2p-009,5,II,2,0,0,0,0,0,0,0,1,0,0,0,0,15,30
sim-balanced-2p-009,6,II,2,0,0,0,0,0,0,0,1,0,0,0,0,20,36
sim-balanced-2p-009,7,II,2,0,0,0,2,2,0,0,1,2,2,0,0,54,41
sim-balanced-2p-009,8,II,2,2,4,1,5,5,0,1,2,6,3,0,1,61,61
sim-balanced-2p-009,9,III,2,0,0,0,1,1,0,2,2,5,5,0,0,66,62
sim-balanced-2p-009,10,III,2,1,1,1,0,0,0,0,2,5,5,0,0,82,69
sim-balanced-2p-009,11,III,2,1,1,0,2,2,0,0,3,7,5,1,0,93,70
sim-balanced-2p-009,12,III,2,1,1,0,1,1,0,1,4,7,5,1,0,106,70
sim-balanced-3p-009,1,I,3,0,0,0,0,0,0,0,0,0,0,0,0,0,15
sim-balanced-3p-009,2,I,3,0,0,0,0,0,0,0,0,0,0,0,0,0,25
sim-balanced-3p-009,3,I,3,0,0,0,1,1,0,0,0,1,1,0,0,5,30
sim-balanced-3p-009,4,I,3,0,0,0,0,0,0,0,0,1,1,0,0,5,45
sim-balanced-3p-009,5,II,3,0,0,0,4,4,0,0,0,5,5,0,0,5,50
sim-balanced-3p-009,6,II,3,0,0,0,0,0,0,0,0,5,5,0,0,10,61
sim-balanced-3p-009,7,II,3,0,0,0,1,1,0,0,0,6,6,0,0,10,111
sim-balanced-3p-009,8,II,3,3,3,3,1,1,0,0,0,7,7,0,0,10,138
sim-balanced-3p-009,9,III,3,0,0,0,0,0,0,0,0,4,4,0,0,45,159
sim-balanced-3p-009,10,III,3,1,1,0,3,2,1,0,0,6,4,1,0,63,159
sim-balanced-3p-009,11,III,3,3,3,1,5,5,0,0,1,11,4,2,1,92,161
sim-balanced-3p-009,12,III,3,2,2,2,0,0,0,0,2,11,4,2,1,107,164
sim-balanced-4p-009,1,I,4,0,0,0,0,0,0,0,0,0,0,0,0,0,30
sim-balanced-4p-009,2,I,4,1,1,1,0,0,0,0,0,0,0,0,0,0,30
sim-balanced-4p-009,3,I,4,0,0,0,1,1,0,0,0,1,1,0,0,0,30
sim-balanced-4p-009,4,I,4,1,1,1,0,0,0,0,0,1,1,0,0,0,30
sim-balanced-4p-009,5,II,4,0,0,0,0,0,0,0,0,0,0,0,0,20,56
sim-balanced-4p-009,6,II,4,0,0,0,1,0,1,0,0,0,0,0,0,35,86
sim-balanced-4p-009,7,II,4,0,0,0,1,1,0,0,0,1,1,0,0,35,97
sim-balanced-4p-009,8,II,4,4,5,4,3,2,1,0,1,3,3,0,0,35,97
sim-balanced-4p-009,9,III,4,1,1,1,0,0,0,0,0,3,3,0,0,45,123
sim-balanced-4p-009,10,III,4,3,3,0,8,6,2,3,1,6,2,2,0,45,133
sim-balanced-4p-009,11,III,4,3,3,2,3,1,2,0,4,7,3,2,0,55,160
sim-balanced-4p-009,12,III,4,2,2,1,3,1,2,0,4,8,4,2,0,60,166
sim-balanced-1p-010,1,I,1,0,0,0,0,0,0,0,0,0,0,0,0,0,0
sim-balanced-1p-010,2,I,1,0,0,0,0,0,0,0,0,0,0,0,0,5,0
sim-balanced-1p-010,3,I,1,0,0,0,1,1,0,0,0,1,1,0,0,5,0
sim-balanced-1p-010,4,I,1,0,0,0,0,0,0,0,0,1,1,0,0,5,0
sim-balanced-1p-010,5,II,1,0,0,0,0,0,0,0,0,1,1,0,0,44,10
sim-balanced-1p-010,6,II,1,0,0,0,0,0,0,0,0,1,1,0,0,44,35
sim-balanced-1p-010,7,II,1,0,0,0,0,0,0,0,0,1,1,0,0,44,45
sim-balanced-1p-010,8,II,1,1,2,0,6,4,1,0,1,5,2,0,1,44,56
sim-balanced-1p-010,9,III,1,0,0,0,0,0,0,0,1,5,2,0,1,51,56
sim-balanced-1p-010,10,III,1,1,1,0,2,2,0,1,1,6,3,0,1,56,56
sim-balanced-1p-010,11,III,1,1,1,0,2,2,0,0,1,8,3,1,1,63,56
sim-balanced-1p-010,12,III,1,1,1,1,0,0,0,0,2,8,3,1,1,69,57
sim-balanced-2p-010,1,I,2,0,0,0,0,0,0,0,0,0,0,0,0,0,0
sim-balanced-2p-010,2,I,2,1,1,1,0,0,0,0,0,0,0,0,0,0,0
sim-balanced-2p-010,3,I,2,0,0,0,0,0,0,0,0,0,0,0,0,29,5
sim-balanced-2p-010,4,I,2,1,1,1,0,0,0,0,0,0,0,0,0,29,20
sim-balanced-2p-010,5,II,2,0,0,0,1,1,0,0,0,1,1,0,0,44,61
sim-balanced-2p-010,6,II,2,1,1,1,1,1,0,0,0,2,2,0,0,44,71
sim-balanced-2p-010,7,II,2,0,0,0,0,0,0,0,0,2,2,0,0,44,98
sim-balanced-2p-010,8,II,2,2,4,3,1,1,0,0,2,3,3,0,0,44,99
sim-balanced-2p-010,9,III,2,0,0,0,0,0,0,0,1,3,3,0,0,50,99
sim-balanced-2p-010,10,III,2,1,1,0,3,3,0,1,2,5,5,0,0,78,110
sim-balanced-2p-010,11,III,2,1,1,1,0,0,0,0,3,5,5,0,0,91,111
sim-balanced-2p-010,12,III,2,1,1,1,0,0,0,0,2,5,5,0,0,98,111
sim-balanced-3p-010,1,I,3,0,0,0,0,0,0,0,0,0,0,0,0,0,15
sim-balanced-3p-010,2,I,3,1,1,1,0,0,0,0,0,0,0,0,0,0,25
sim-balanced-3p-010,3,I,3,0,0,0,0,0,0,0,0,0,0,0,0,10,31
sim-balanced-3p-010,4,I,3,0,0,0,0,0,0,0,0,0,0,0,0,25,41
sim-balanced-3p-010,5,II,3,0,0,0,0,0,0,0,0,0,0,0,0,35,46
sim-balanced-3p-010,6,II,3,1,1,1,0,0,0,0,0,0,0,0,0,35,46
sim-balanced-3p-010,7,II,3,0,0,0,0,0,0,0,0,0,0,0,0,35,46
sim-balanced-3p-010,8,II,3,3,4,2,5,5,0,0,1,5,1,2,0,35,46
sim-balanced-3p-010,9,III,3,0,0,0,0,0,0,0,1,5,1,2,0,35,66
sim-balanced-3p-010,10,III,3,1,1,0,3,2,0,0,0,7,2,1,1,35,51
sim-balanced-3p-010,11,III,3,2,2,2,4,3,1,2,0,8,5,0,1,35,51
sim-balanced-3p-010,12,III,3,1,1,0,3,2,1,3,0,7,4,0,1,35,51
sim-balanced-4p-010,1,I,4,0,0,0,0,0,0,0,0,0,0,0,0,0,30
sim-balanced-4p-010,2,I,4,3,3,3,0,0,0,0,0,0,0,0,0,0,30
sim-balanced-4p-010,3,I,4,1,1,1,0,0,0,0,0,0,0,0,0,0,30
sim-balanced-4p-010,4,I,4,0,0,0,0,0,0,0,0,0,0,0,0,15,51
sim-balanced-4p-010,5,II,4,0,0,0,1,0,1,0,0,0,0,0,0,20,62
sim-balanced-4p-010,6,II,4,2,2,2,1,0,1,0,2,0,0,0,0,20,67
sim-balanced-4p-010,7,II,4,0,0,0,2,1,1,0,2,1,1,0,0,25,98
sim-balanced-4p-010,8,II,4,4,7,4,9,4,5,0,3,5,3,1,0,25,108
sim-balanced-4p-010,9,III,4,1,1,0,4,2,2,1,3,6,2,2,0,30,116
sim-balanced-4p-010,10,III,4,3,3,2,1,0,1,0,3,6,2,2,0,30,142
sim-balanced-4p-010,11,III,4,0,0,0,0,0,0,0,1,6,2,2,0,30,183
sim-balanced-4p-010,12,III,4,1,1,1,0,0,0,0,1,6,2,2,0,30,248
sim-balanced-1p-011,1,I,1,0,0,0,0,0,0,0,0,0,0,0,0,0,0
sim-balanced-1p-011,2,I,1,1,1,1,0,0,0,0,0,0,0,0,0,5,0
sim-balanced-1p-011,3,I,1,0,0,0,0,0,0,0,0,0,0,0,0,5,0
sim-balanced-1p-011,4,I,1,1,1,1,0,0,0,0,0,0,0,0,0,10,0
sim-balanced-1p-011,5,II,1,0,0,0,0,0,0,0,0,0,0,0,0,15,10
sim-balanced-1p-011,6,II,1,0,0,0,0,0,0,0,0,0,0,0,0,15,45
sim-balanced-1p-011,7,II,1,0,0,0,0,0,0,0,0,0,0,0,0,15,60
sim-balanced-1p-011,8,II,1,1,1,0,1,1,0,0,0,1,1,0,0,15,71
sim-balanced-1p-011,9,III,1,0,0,0,0,0,0,0,0,1,1,0,0,20,71
sim-balanced-1p-011,10,III,1,0,0,0,0,0,0,0,0,1,1,0,0,25,71
sim-balanced-1p-011,11,III,1,1,1,1,0,0,0,0,0,1,1,0,0,25,71
sim-balanced-1p-011,12,III,1,0,0,0,0,0,0,0,0,1,1,0,0,39,72
sim-balanced-2p-011,1,I,2,0,0,0,0,0,0,0,0,0,0,0,0,0,0
sim-balanced-2p-011,2,I,2,0,0,0,0,0,0,0,0,0,0,0,0,0,0
sim-balanced-2p-011,3,I,2,0,0,0,0,0,0,0,0,0,0,0,0,5,0
sim-balanced-2p-011,4,I,2,1,2,2,0,0,0,0,1,0,0,0,0,5,15
sim-balanced-2p-011,5,II,2,0,0,0,1,1,0,0,0,1,1,0,0,10,30
sim-balanced-2p-011,6,II,2,1,1,0,3,3,0,1,0,3,3,0,0,15,35
sim-balanced-2p-011,7,II,2,0,0,0,2,2,0,0,0,5,5,0,0,15,70
sim-balanced-2p-011,8,II,2,2,4,3,2,2,0,0,2,7,5,1,0,15,76
sim-balanced-2p-011,9,III,2,0,0,0,0,0,0,0,0,7,5,1,0,51,77
sim-balanced-2p-011,10,III,2,1,1,0,3,2,0,3,0,6,4,1,0,61,78
sim-balanced-2p-011,11,III,2,2,2,1,2,2,0,0,2,8,6,1,0,78,81
sim-balanced-2p-011,12,III,2,1,1,0,3,2,1,0,3,10,8,1,0,83,96
sim-balanced-3p-011,1,I,3,0,0,0,0,0,0,0,0,0,0,0,0,0,15
sim-balanced-3p-011,2,I,3,1,1,1,0,0,0,0,0,0,0,0,0,0,30
sim-balanced-3p-011,3,I,3,0,0,0,1,0,1,0,0,0,0,0,0,10,50
sim-balanced-3p-011,4,I,3,0,0,0,0,0,0,0,0,0,0,0,0,25,61
sim-balanced-3p-011,5,II,3,0,0,0,0,0,0,0,0,0,0,0,0,30,69
sim-balanced-3p-011,6,II,3,1,1,1,0,0,0,0,0,0,0,0,0,30,104
sim-balanced-3p-011,7,II,3,0,0,0,0,0,0,0,0,0,0,0,0,30,109
sim-balanced-3p-011,8,II,3,3,5,4,2,1,1,0,2,1,1,0,0,35,123
sim-balanced-3p-011,9,III,3,0,0,0,0,0,0,0,1,1,1,0,0,45,128
sim-balanced-3p-011,10,III,3,1,1,0,3,1,2,0,0,2,2,0,0,60,138
sim-balanced-3p-011,11,III,3,3,3,1,6,3,3,0,1,5,5,0,0,69,138
sim-balanced-3p-011,12,III,3,3,3,1,6,2,4,0,1,7,7,0,0,75,138
sim-balanced-4p-011,1,I,4,0,0,0,0,0,0,0,0,0,0,0,0,0,30
sim-balanced-4p-011,2,I,4,1,1,1,0,0,0,0,1,0,0,0,0,0,30
sim-balanced-4p-011,3,I,4,1,1,1,3,3,0,0,2,3,3,0,0,0,67
sim-balanced-4p-011,4,I,4,0,2,2,2,2,0,0,2,5,5,0,0,0,73
sim-balanced-4p-011,5,II,4,0,0,0,1,0,1,0,1,4,4,0,0,5,113
sim-balanced-4p-011,6,II,4,0,0,0,1,0,1,0,0,4,4,0,0,15,141
sim-balanced-4p-011,7,II,4,0,0,0,2,1,1,0,0,5,5,0,0,15,164
sim-balanced-4p-011,8,II,4,4,6,4,5,5,0,1,2,9,5,2,0,15,174
sim-balanced-4p-011,9,III,4,1,1,0,2,2,0,0,2,11,5,0,2,30,184
sim-balanced-4p-011,10,III,4,4,4,2,6,3,3,0,3,14,6,1,2,30,184
sim-balanced-4p-011,11,III,4,2,2,0,4,4,0,2,4,16,8,1,2,30,202
sim-balanced-4p-011,12,III,4,4,4,1,8,8,0,0,5,24,9,3,3,30,219
sim-balanced-1p-012,1,I,1,0,0,0,0,0,0,0,0,0,0,0,0,0,0
sim-balanced-1p-012,2,I,1,0,0,0,0,0,0,0,0,0,0,0,0,5,0
sim-balanced-1p-012,3,I,1,0,0,0,0,0,0,0,0,0,0,0,0,5,0
sim-balanced-1p-012,4,I,1,0,0,0,0,0,0,0,0,0,0,0,0,10,0
sim-balanced-1p-012,5,II,1,0,0,0,0,0,0,0,0,0,0,0,0,10,30
sim-balanced-1p-012,6,II,1,0,0,0,0,0,0,0,0,0,0,0,0,10,50
sim-balanced-1p-012,7,II,1,0,0,0,0,0,0,0,0,0,0,0,0,10,51
sim-balanced-1p-012,8,II,1,1,1,1,0,0,0,0,0,0,0,0,0,10,51
sim-balanced-1p-012,9,III,1,0,0,0,1,1,0,0,0,1,1,0,0,10,51
sim-balanced-1p-012,10,III,1,0,0,0,0,0,0,0,0,0,0,0,0,10,51
sim-balanced-1p-012,11,III,1,1,1,1,0,0,0,0,0,0,0,0,0,10,51
sim-balanced-1p-012,12,III,1,0,0,0,0,0,0,0,0,0,0,0,0,10,51
sim-balanced-2p-012,1,I,2,0,0,0,0,0,0,0,0,0,0,0,0,0,0
sim-balanced-2p-012,2,I,2,0,0,0,0,0,0,0,0,0,0,0,0,0,0
sim-balanced-2p-012,3,I,2,0,0,0,0,0,0,0,0,0,0,0,0,5,5
sim-balanced-2p-012,4,I,2,0,0,0,0,0,0,0,0,0,0,0,0,5,20
sim-balanced-2p-012,5,II,2,0,0,0,0,0,0,0,0,0,0,0,0,15,60
sim-balanced-2p-012,6,II,2,1,1,1,1,1,0,0,1,1,1,0,0,15,100
sim-balanced-2p-012,7,II,2,0,0,0,0,0,0,0,1,0,0,0,0,35,110
sim-balanced-2p-012,8,II,2,2,4,4,0,0,0,0,2,0,0,0,0,35,111
sim-balanced-2p-012,9,III,2,0,0,0,2,2,0,0,1,2,2,0,0,47,116
sim-balanced-2p-012,10,III,2,1,1,0,3,2,1,0,1,4,4,0,0,53,117
sim-balanced-2p-012,11,III,2,2,2,0,4,4,0,0,1,8,4,2,0,63,118
sim-balanced-2p-012,12,III,2,1,1,1,4,3,1,0,1,11,5,3,0,88,119
sim-balanced-3p-012,1,I,3,0,0,0,0,0,0,0,0,0,0,0,0,0,15
sim-balanced-3p-012,2,I,3,1,1,1,0,0,0,0,0,0,0,0,0,0,30
sim-balanced-3p-012,3,I,3,0,0,0,0,0,0,0,0,0,0,0,0,0,30
sim-balanced-3p-012,4,I,3,0,0,0,0,0,0,0,0,0,0,0,0,5,35
sim-balanced-3p-012,5,II,3,0,0,0,0,0,0,0,0,0,0,0,0,20,70
sim-balanced-3p-012,6,II,3,0,0,0,1,1,0,0,0,1,1,0,0,35,90
sim-balanced-3p-012,7,II,3,0,0,0,0,0,0,0,0,0,0,0,0,60,95
sim-balanced-3p-012,8,II,3,3,4,3,2,2,0,0,1,2,2,0,0,70,110
sim-balanced-3p-012,9,III,3,0,0,0,0,0,0,0,0,2,2,0,0,120,121
sim-balanced-3p-012,10,III,3,3,3,2,3,3,0,0,1,5,3,1,0,131,126
sim-balanced-3p-012,11,III,3,2,2,0,5,5,0,0,2,10,6,2,0,173,126
sim-balanced-3p-012,12,III,3,3,3,2,3,3,0,0,2,13,4,3,1,186,126
sim-balanced-4p-012,1,I,4,0,0,0,0,0,0,0,0,0,0,0,0,0,30
sim-balanced-4p-012,2,I,4,3,3,3,0,0,0,0,3,0,0,0,0,0,30
sim-balanced-4p-012,3,I,4,1,1,1,4,4,0,0,4,4,4,0,0,0,67
sim-balanced-4p-012,4,I,4,0,2,1,2,2,0,0,2,6,6,0,0,0,102
sim-balanced-4p-012,5,II,4,0,0,0,0,0,0,0,2,4,4,0,0,10,112
sim-balanced-4p-012,6,II,4,2,2,2,2,1,1,0,2,3,3,0,0,10,122
sim-balanced-4p-012,7,II,4,0,0,0,2,1,1,0,0,4,4,0,0,10,151
sim-balanced-4p-012,8,II,4,4,6,4,7,5,1,0,2,9,6,0,1,10,178
sim-balanced-4p-012,9,III,4,0,0,0,0,0,0,2,1,7,7,0,0,35,194
sim-balanced-4p-012,10,III,4,1,1,1,4,3,1,2,1,8,8,0,0,75,199
sim-balanced-4p-012,11,III,4,3,3,0,7,6,1,0,3,14,9,1,1,75,198
sim-balanced-4p-012,12,III,4,2,2,1,3,3,0,0,4,17,9,1,2,75,189
sim-balanced-1p-013,1,I,1,0,0,0,0,0,0,0,0,0,0,0,0,0,0
sim-balanced-1p-013,2,I,1,0,0,0,0,0,0,0,0,0,0,0,0,5,0
sim-balanced-1p-013,3,I,1,0,0,0,0,0,0,0,0,0,0,0,0,10,0
sim-balanced-1p-013,4,I,1,1,1,1,0,0,0,0,0,0,0,0,0,10,0
sim-balanced-1p-013,5,II,1,0,0,0,0,0,0,0,0,0,0,0,0,39,0
sim-balanced-1p-013,6,II,1,0,0,0,0,0,0,0,0,0,0,0,0,39,30
sim-balanced-1p-013,7,II,1,0,0,0,0,0,0,0,0,0,0,0,0,39,50
sim-balanced-1p-013,8,II,1,1,1,1,0,0,0,0,0,0,0,0,0,39,60
sim-balanced-1p-013,9,III,1,0,0,0,0,0,0,0,0,0,0,0,0,44,60
sim-balanced-1p-013,10,III,1,0,0,0,0,0,0,0,0,0,0,0,0,63,65
sim-balanced-1p-013,11,III,1,1,1,1,0,0,0,0,1,0,0,0,0,68,65
sim-balanced-1p-013,12,III,1,1,1,0,3,3,0,1,1,2,2,0,0,74,66
sim-balanced-2p-013,1,I,2,0,0,0,0,0,0,0,0,0,0,0,0,0,0
sim-balanced-2p-013,2,I,2,1,1,1,0,0,0,0,0,0,0,0,0,0,0
sim-balanced-2p-013,3,I,2,1,1,1,0,0,0,0,0,0,0,0,0,5,0
sim-balanced-2p-013,4,I,2,1,1,0,2,2,0,0,0,2,2,0,0,5,15
sim-balanced-2p-013,5,II,2,0,0,0,0,0,0,0,0,2,2,0,0,15,60
sim-balanced-2p-013,6,II,2,1,1,1,0,0,0,0,1,2,2,0,0,15,82
sim-balanced-2p-013,7,II,2,0,0,0,2,1,1,0,1,3,3,0,0,15,83
sim-balanced-2p-013,8,II,2,2,5,5,1,1,0,0,3,4,4,0,0,15,83
sim-balanced-2p-013,9,III,2,0,0,0,1,1,0,0,2,5,5,0,0,29,83
sim-balanced-2p-013,10,III,2,1,1,1,0,0,0,0,3,3,3,0,0,41,85
sim-balanced-2p-013,11,III,2,1,1,0,3,3,0,2,3,4,4,0,0,41,85
sim-balanced-2p-013,12,III,2,0,0,0,0,0,0,0,3,4,4,0,0,53,87
sim-balanced-3p-013,1,I,3,0,0,0,0,0,0,0,0,0,0,0,0,0,15
sim-balanced-3p-013,2,I,3,2,2,2,0,0,0,0,0,0,0,0,0,0,30
sim-balanced-3p-013,3,I,3,0,0,0,0,0,0,0,0,0,0,0,0,10,45
sim-balanced-3p-013,4,I,3,0,0,0,0,0,0,0,0,0,0,0,0,10,45
sim-balanced-3p-013,5,II,3,0,0,0,0,0,0,0,0,0,0,0,0,25,60
sim-balanced-3p-013,6,II,3,0,0,0,0,0,0,0,0,0,0,0,0,25,60
sim-balanced-3p-013,7,II,3,1,1,1,0,0,0,0,0,0,0,0,0,25,60
sim-balanced-3p-013,8,II,3,2,3,0,5,4,1,2,1,2,0,1,0,25,60
sim-balanced-3p-013,9,III,3,1,1,0,3,3,0,0,1,5,1,2,0,25,60
sim-balanced-3p-013,10,III,3,1,1,1,0,0,0,0,1,5,1,2,0,30,65
sim-balanced-3p-013,11,III,3,3,3,1,6,5,1,0,3,10,6,2,0,30,65
sim-balanced-3p-013,12,III,3,2,2,2,0,0,0,0,5,10,6,2,0,40,87
sim-balanced-4p-013,1,I,4,0,0,0,0,0,0,0,0,0,0,0,0,0,30
sim-balanced-4p-013,2,I,4,0,0,0,0,0,0,0,0,0,0,0,0,0,30
sim-balanced-4p-013,3,I,4,0,0,0,0,0,0,0,0,0,0,0,0,0,30
sim-balanced-4p-013,4,I,4,1,1,1,0,0,0,0,0,0,0,0,0,0,30
sim-balanced-4p-013,5,II,4,0,0,0,0,0,0,0,0,0,0,0,0,25,81
sim-balanced-4p-013,6,II,4,1,1,1,2,1,1,0,1,1,1,0,0,25,91
sim-balanced-4p-013,7,II,4,0,0,0,1,0,1,0,0,0,0,0,0,25,102
sim-balanced-4p-013,8,II,4,4,5,5,1,0,1,0,1,0,0,0,0,25,107
sim-balanced-4p-013,9,III,4,1,1,1,3,2,1,0,0,2,2,0,0,30,118
sim-balanced-4p-013,10,III,4,3,3,1,6,5,1,0,0,7,5,1,0,77,118
sim-balanced-4p-013,11,III,4,3,3,0,8,6,1,0,1,13,6,2,1,82,118
sim-balanced-4p-013,12,III,4,2,2,2,0,0,0,0,1,13,6,2,1,91,118
sim-balanced-1p-014,1,I,1,0,0,0,0,0,0,0,0,0,0,0,0,0,0
sim-balanced-1p-014,2,I,1,0,0,0,0,0,0,0,0,0,0,0,0,5,0
sim-balanced-1p-014,3,I,1,0,0,0,0,0,0,0,0,0,0,0,0,15,0
sim-balanced-1p-014,4,I,1,0,0,0,0,0,0,0,0,0,0,0,0,15,25
sim-balanced-1p-014,5,II,1,0,0,0,0,0,0,0,0,0,0,0,0,15,41
sim-balanced-1p-014,6,II,1,0,0,0,0,0,0,0,0,0,0,0,0,15,42
sim-balanced-1p-014,7,II,1,0,0,0,0,0,0,0,0,0,0,0,0,15,42
sim-balanced-1p-014,8,II,1,1,1,1,1,1,0,0,0,1,1,0,0,15,48
sim-balanced-1p-014,9,III,1,0,0,0,0,0,0,0,0,1,1,0,0,20,48
sim-balanced-1p-014,10,III,1,1,1,1,0,0,0,0,0,1,1,0,0,25,48
sim-balanced-1p-014,11,III,1,1,1,1,0,0,0,0,0,1,1,0,0,25,48
sim-balanced-1p-014,12,III,1,1,1,1,0,0,0,0,1,1,1,0,0,30,48
sim-balanced-2p-014,1,I,2,0,0,0,0,0,0,0,0,0,0,0,0,0,0
sim-balanced-2p-014,2,I,2,1,1,1,0,0,0,0,0,0,0,0,0,0,0
sim-balanced-2p-014,3,I,2,0,0,0,0,0,0,0,0,0,0,0,0,5,0
sim-balanced-2p-014,4,I,2,1,1,0,1,1,0,0,0,1,1,0,0,5,15
sim-balanced-2p-014,5,II,2,0,0,0,0,0,0,0,0,1,1,0,0,39,25
sim-balanced-2p-014,6,II,2,0,0,0,0,0,0,0,0,1,1,0,0,39,71
sim-balanced-2p-014,7,II,2,0,0,0,0,0,0,0,0,1,1,0,0,39,76
sim-balanced-2p-014,8,II,2,2,4,4,0,0,0,0,2,1,1,0,0,44,90
sim-balanced-2p-014,9,III,2,0,0,0,5,5,0,0,1,5,3,1,0,55,91
sim-balanced-2p-014,10,III,2,1,1,0,3,2,1,1,1,5,3,1,0,60,97
sim-balanced-2p-014,11,III,2,1,1,1,0,0,0,0,2,5,3,1,0,75,107
sim-balanced-2p-014,12,III,2,2,2,2,0,0,0,0,1,2,2,0,0,75,107
sim-balanced-3p-014,1,I,3,0,0,0,0,0,0,0,0,0,0,0,0,0,15
sim-balanced-3p-014,2,I,3,1,1,1,0,0,0,0,0,0,0,0,0,0,30
sim-balanced-3p-014,3,I,3,1,1,1,0,0,0,0,0,0,0,0,0,0,30
sim-balanced-3p-014,4,I,3,0,0,0,0,0,0,0,0,0,0,0,0,5,35
sim-balanced-3p-014,5,II,3,0,0,0,0,0,0,0,0,0,0,0,0,44,70
sim-balanced-3p-014,6,II,3,2,2,0,5,4,1,0,1,4,0,2,0,44,75
sim-balanced-3p-014,7,II,3,0,0,0,0,0,0,0,0,4,0,2,0,44,120
sim-balanced-3p-014,8,II,3,3,6,4,2,2,0,0,3,6,0,3,0,44,130
sim-balanced-3p-014,9,III,3,0,0,0,0,0,0,2,3,3,1,1,0,55,131
sim-balanced-3p-014,10,III,3,2,2,2,0,0,0,0,3,1,1,0,0,64,131
sim-balanced-3p-014,11,III,3,1,1,1,1,1,0,0,3,2,2,0,0,74,158
sim-balanced-3p-014,12,III,3,2,2,0,4,3,1,0,3,5,2,0,1,96,166
sim-balanced-4p-014,1,I,4,0,0,0,0,0,0,0,0,0,0,0,0,0,30
sim-balanced-4p-014,2,I,4,2,2,1,3,3,0,0,1,3,3,0,0,0,30
sim-balanced-4p-014,3,I,4,0,0,0,0,0,0,0,0,3,3,0,0,0,30
sim-balanced-4p-014,4,I,4,1,1,1,1,1,0,0,0,4,4,0,0,0,30
sim-balanced-4p-014,5,II,4,0,0,0,0,0,0,0,0,4,4,0,0,44,85
sim-balanced-4p-014,6,II,4,1,1,1,1,1,0,0,0,5,5,0,0,44,92
sim-balanced-4p-014,7,II,4,0,0,0,3,3,0,0,0,8,8,0,0,44,118
sim-balanced-4p-014,8,II,4,4,6,2,10,6,4,0,2,14,12,1,0,44,143
sim-balanced-4p-014,9,III,4,0,0,0,0,0,0,1,0,10,10,0,0,65,153
sim-balanced-4p-014,10,III,4,2,2,1,3,2,1,1,0,11,11,0,0,90,160
sim-balanced-4p-014,11,III,4,2,2,0,5,5,0,1,0,15,10,1,1,113,176
sim-balanced-4p-014,12,III,4,2,2,2,0,0,0,0,0,15,10,1,1,118,211
sim-balanced-1p-015,1,I,1,0,0,0,0,0,0,0,0,0,0,0,0,0,0
sim-balanced-1p-015,2,I,1,0,0,0,0,0,0,0,0,0,0,0,0,5,0
sim-balanced-1p-015,3,I,1,0,0,0,0,0,0,0,0,0,0,0,0,10,0
sim-balanced-1p-015,4,I,1,1,1,1,0,0,0,0,0,0,0,0,0,10,0
sim-balanced-1p-015,5,II,1,0,0,0,0,0,0,0,0,0,0,0,0,10,5
sim-balanced-1p-015,6,II,1,0,0,0,0,0,0,0,0,0,0,0,0,10,40
sim-balanced-1p-015,7,II,1,0,0,0,1,1,0,0,0,1,1,0,0,15,50
sim-balanced-1p-015,8,II,1,1,2,0,4,4,0,0,1,5,3,1,0,15,57
sim-balanced-1p-015,9,III,1,0,0,0,0,0,0,1,1,4,4,0,0,20,58
sim-balanced-1p-015,10,III,1,0,0,0,0,0,0,0,1,4,4,0,0,20,58
sim-balanced-1p-015,11,III,1,1,1,1,0,0,0,0,1,4,4,0,0,20,59
sim-balanced-1p-015,12,III,1,0,0,0,0,0,0,0,1,4,4,0,0,20,59
sim-balanced-2p-015,1,I,2,0,0,0,0,0,0,0,0,0,0,0,0,0,0
sim-balanced-2p-015,2,I,2,1,1,1,0,0,0,0,0,0,0,0,0,5,0
sim-balanced-2p-015,3,I,2,1,1,1,0,0,0,0,0,0,0,0,0,5,20
sim-balanced-2p-015,4,I,2,1,1,0,1,1,0,0,0,1,1,0,0,5,40
sim-balanced-2p-015,5,II,2,0,0,0,0,0,0,0,0,1,1,0,0,10,66
sim-balanced-2p-015,6,II,2,1,1,0,3,3,0,0,0,4,2,1,0,10,68
sim-balanced-2p-015,7,II,2,0,0,0,1,0,1,0,0,4,2,1,0,10,83
sim-balanced-2p-015,8,II,2,2,3,1,4,4,0,1,1,7,1,3,0,10,92
sim-balanced-2p-015,9,III,2,0,0,0,0,0,0,2,1,5,3,1,0,20,97
sim-balanced-2p-015,10,III,2,1,1,1,0,0,0,0,1,5,3,1,0,35,107
sim-balanced-2p-015,11,III,2,0,0,0,0,0,0,0,1,5,3,1,0,47,108
sim-balanced-2p-015,12,III,2,0,0,0,0,0,0,0,1,5,3,1,0,81,114
sim-balanced-3p-015,1,I,3,0,0,0,0,0,0,0,0,0,0,0,0,0,15
sim-balanced-3p-015,2,I,3,0,0,0,0,0,0,0,0,0,0,0,0,0,30
sim-balanced-3p-015,3,I,3,1,1,0,1,1,0,0,0,1,1,0,0,0,30
sim-balanced-3p-015,4,I,3,1,1,0,2,1,1,0,0,2,2,0,0,10,35
sim-balanced-3p-015,5,II,3,0,0,0,0,0,0,0,0,0,0,0,0,20,50
sim-balanced-3p-015,6,II,3,2,2,2,0,0,0,0,0,0,0,0,0,20,80
sim-balanced-3p-015,7,II,3,0,0,0,0,0,0,0,0,0,0,0,0,35,90
sim-balanced-3p-015,8,II,3,3,3,3,0,0,0,0,0,0,0,0,0,57,90
sim-balanced-3p-015,9,III,3,1,1,1,0,0,0,0,0,0,0,0,0,89,105
sim-balanced-3p-015,10,III,3,2,2,1,3,1,2,0,0,1,1,0,0,94,131
sim-balanced-3p-015,11,III,3,1,1,0,3,1,2,0,0,2,2,0,0,94,131
sim-balanced-3p-015,12,III,3,1,1,1,0,0,0,0,1,2,2,0,0,109,132
sim-balanced-4p-015,1,I,4,0,0,0,0,0,0,0,0,0,0,0,0,0,30
sim-balanced-4p-015,2,I,4,1,1,1,0,0,0,0,0,0,0,0,0,0,30
sim-balanced-4p-015,3,I,4,2,2,1,2,2,0,0,0,2,2,0,0,0,30
sim-balanced-4p-015,4,I,4,1,1,1,1,1,0,0,0,3,3,0,0,0,30
sim-balanced-4p-015,5,II,4,0,0,0,1,1,0,0,0,2,2,0,0,56,80
sim-balanced-4p-015,6,II,4,1,1,0,3,2,1,0,0,4,4,0,0,56,100
sim-balanced-4p-015,7,II,4,0,0,0,1,1,0,0,0,5,5,0,0,56,144
sim-balanced-4p-015,8,II,4,4,7,5,5,4,1,0,3,9,7,1,0,56,153
sim-balanced-4p-015,9,III,4,1,1,0,2,1,1,0,3,10,8,1,0,86,160
sim-balanced-4p-015,10,III,4,1,1,0,2,2,0,1,3,11,7,2,0,91,188
sim-balanced-4p-015,11,III,4,3,3,1,4,3,1,0,5,14,10,2,0,102,217
sim-balanced-4p-015,12,III,4,3,3,1,3,3,0,0,5,17,11,0,2,102,217
sim-balanced-1p-016,1,I,1,0,0,0,0,0,0,0,0,0,0,0,0,0,0
sim-balanced-1p-016,2,I,1,0,0,0,0,0,0,0,0,0,0,0,0,5,0
sim-balanced-1p-016,3,I,1,0,0,0,0,0,0,0,0,0,0,0,0,5,0
sim-balanced-1p-016,4,I,1,0,0,0,0,0,0,0,0,0,0,0,0,10,0
sim-balanced-1p-016,5,II,1,0,0,0,0,0,0,0,0,0,0,0,0,10,10
sim-balanced-1p-016,6,II,1,1,1,1,0,0,0,0,0,0,0,0,0,10,35
sim-balanced-1p-016,7,II,1,0,0,0,0,0,0,0,0,0,0,0,0,20,40
sim-balanced-1p-016,8,II,1,1,2,2,0,0,0,0,1,0,0,0,0,20,51
sim-balanced-1p-016,9,III,1,0,0,0,0,0,0,0,1,0,0,0,0,25,52
sim-balanced-1p-016,10,III,1,0,0,0,0,0,0,0,1,0,0,0,0,34,52
sim-balanced-1p-016,11,III,1,1,1,0,1,1,0,0,1,1,1,0,0,39,53
sim-balanced-1p-016,12,III,1,0,0,0,0,0,0,0,1,1,1,0,0,45,54
sim-balanced-2p-016,1,I,2,0,0,0,0,0,0,0,0,0,0,0,0,0,0
sim-balanced-2p-016,2,I,2,0,0,0,0,0,0,0,0,0,0,0,0,0,0
sim-balanced-2p-016,3,I,2,1,1,1,0,0,0,0,0,0,0,0,0,5,0
sim-balanced-2p-016,4,I,2,0,0,0,0,0,0,0,0,0,0,0,0,5,15
sim-balanced-2p-016,5,II,2,0,0,0,1,1,0,0,0,1,1,0,0,15,65
sim-balanced-2p-016,6,II,2,0,0,0,0,0,0,0,0,1,1,0,0,20,77
sim-balanced-2p-016,7,II,2,0,0,0,0,0,0,0,0,1,1,0,0,20,86
sim-balanced-2p-016,8,II,2,2,3,2,2,2,0,0,1,3,1,1,0,20,129
sim-balanced-2p-016,9,III,2,0,0,0,1,1,0,1,0,3,3,0,0,20,148
sim-balanced-2p-016,10,III,2,2,2,0,4,3,1,0,2,6,2,2,0,30,171
sim-balanced-2p-016,11,III,2,1,1,0,2,2,0,1,2,7,3,2,0,52,180
sim-balanced-2p-016,12,III,2,1,1,0,3,3,0,0,3,10,6,2,0,67,190
sim-balanced-3p-016,1,I,3,0,0,0,0,0,0,0,0,0,0,0,0,0,15
sim-balanced-3p-016,2,I,3,0,0,0,0,0,0,0,0,0,0,0,0,5,47
sim-balanced-3p-016,3,I,3,0,0,0,0,0,0,0,0,0,0,0,0,5,62
sim-balanced-3p-016,4,I,3,0,0,0,0,0,0,0,0,0,0,0,0,30,93
sim-balanced-3p-016,5,II,3,0,0,0,0,0,0,0,0,0,0,0,0,40,127
sim-balanced-3p-016,6,II,3,2,2,1,3,3,0,0,1,3,3,0,0,40,142
sim-balanced-3p-016,7,II,3,0,0,0,1,1,0,0,1,4,4,0,0,40,186
sim-balanced-3p-016,8,II,3,3,4,3,3,3,0,0,1,7,5,1,0,40,191
sim-balanced-3p-016,9,III,3,0,0,0,0,0,0,0,1,4,2,1,0,73,203
sim-balanced-3p-016,10,III,3,1,1,0,2,2,0,0,2,6,4,1,0,103,204
sim-balanced-3p-016,11,III,3,2,2,2,0,0,0,2,4,4,4,0,0,110,206
sim-balanced-3p-016,12,III,3,2,2,2,0,0,0,0,5,4,4,0,0,129,207
sim-balanced-4p-016,1,I,4,0,0,0,0,0,0,0,0,0,0,0,0,0,30
sim-balanced-4p-016,2,I,4,1,1,1,0,0,0,0,1,0,0,0,0,0,30
sim-balanced-4p-016,3,I,4,2,2,1,5,5,0,0,2,5,5,0,0,0,58
sim-balanced-4p-016,4,I,4,1,3,2,3,3,0,0,2,8,5,0,1,0,93
sim-balanced-4p-016,5,II,4,0,0,0,2,2,0,0,1,8,8,0,0,0,108
sim-balanced-4p-016,6,II,4,0,0,0,2,2,0,0,1,10,10,0,0,10,118
sim-balanced-4p-016,7,II,4,0,0,0,2,1,1,0,0,9,9,0,0,20,128
sim-balanced-4p-016,8,II,4,4,6,2,12,10,2,3,2,16,7,3,1,20,118
sim-balanced-4p-016,9,III,4,0,0,0,0,0,0,2,0,14,9,1,1,52,123
sim-balanced-4p-016,10,III,4,2,2,1,3,2,0,1,1,15,9,0,2,62,129
sim-balanced-4p-016,11,III,4,3,3,0,7,7,0,2,1,20,8,3,2,67,130
sim-balanced-4p-016,12,III,4,2,2,1,2,1,1,2,2,19,9,2,2,89,130
sim-balanced-1p-017,1,I,1,0,0,0,0,0,0,0,0,0,0,0,0,0,0
sim-balanced-1p-017,2,I,1,1,1,1,0,0,0,0,0,0,0,0,0,5,0
sim-balanced-1p-017,3,I,1,0,0,0,0,0,0,0,0,0,0,0,0,5,0
sim-balanced-1p-017,4,I,1,0,0,0,0,0,0,0,0,0,0,0,0,10,0
sim-balanced-1p-017,5,II,1,0,0,0,0,0,0,0,0,0,0,0,0,10,10
sim-balanced-1p-017,6,II,1,0,0,0,0,0,0,0,0,0,0,0,0,10,45
sim-balanced-1p-017,7,II,1,0,0,0,0,0,0,0,0,0,0,0,0,10,65
sim-balanced-1p-017,8,II,1,1,2,2,0,0,0,0,1,0,0,0,0,10,75
sim-balanced-1p-017,9,III,1,0,0,0,0,0,0,0,1,0,0,0,0,20,82
sim-balanced-1p-017,10,III,1,0,0,0,0,0,0,0,1,0,0,0,0,34,82
sim-balanced-1p-017,11,III,1,1,1,0,2,1,1,0,2,1,1,0,0,41,82
sim-balanced-1p-017,12,III,1,1,1,1,3,1,2,0,2,2,2,0,0,41,82
sim-balanced-2p-017,1,I,2,0,0,0,0,0,0,0,0,0,0,0,0,0,0
sim-balanced-2p-017,2,I,2,1,1,1,0,0,0,0,0,0,0,0,0,0,0
sim-balanced-2p-017,3,I,2,0,0,0,0,0,0,0,0,0,0,0,0,10,50
sim-balanced-2p-017,4,I,2,1,1,1,0,0,0,0,0,0,0,0,0,10,55
sim-balanced-2p-017,5,II,2,0,0,0,0,0,0,0,0,0,0,0,0,10,70
sim-balanced-2p-017,6,II,2,1,1,0,2,2,0,1,0,1,1,0,0,10,70
sim-balanced-2p-017,7,II,2,0,0,0,0,0,0,0,0,1,1,0,0,10,70
sim-balanced-2p-017,8,II,2,2,2,0,3,3,0,2,0,2,2,0,0,10,70
sim-balanced-2p-017,9,III,2,0,0,0,0,0,0,0,0,0,0,0,0,30,71
sim-balanced-2p-017,10,III,2,1,1,0,3,2,1,0,1,2,0,1,0,37,71
sim-balanced-2p-017,11,III,2,1,1,0,2,2,0,0,0,4,2,1,0,44,71
sim-balanced-2p-017,12,III,2,2,2,0,3,2,1,1,2,5,3,1,0,50,72
sim-balanced-3p-017,1,I,3,0,0,0,0,0,0,0,0,0,0,0,0,0,15
sim-balanced-3p-017,2,I,3,1,1,1,0,0,0,0,0,0,0,0,0,0,30
sim-balanced-3p-017,3,I,3,0,0,0,0,0,0,0,0,0,0,0,0,0,30
sim-balanced-3p-017,4,I,3,1,1,1,0,0,0,0,0,0,0,0,0,25,60
sim-balanced-3p-017,5,II,3,0,0,0,0,0,0,0,0,0,0,0,0,30,75
sim-balanced-3p-017,6,II,3,0,0,0,0,0,0,0,0,0,0,0,0,30,93
sim-balanced-3p-017,7,II,3,0,0,0,0,0,0,0,0,0,0,0,0,40,99
sim-balanced-3p-017,8,II,3,3,4,2,7,5,2,0,1,5,3,1,0,40,99
sim-balanced-3p-017,9,III,3,1,1,1,0,0,0,0,1,5,3,1,0,45,104
sim-balanced-3p-017,10,III,3,2,2,1,3,2,1,0,1,7,3,2,0,50,109
sim-balanced-3p-017,11,III,3,1,1,1,0,0,0,0,1,7,3,2,0,50,109
sim-balanced-3p-017,12,III,3,2,2,1,3,0,3,0,1,7,3,2,0,50,114
sim-balanced-4p-017,1,I,4,0,0,0,0,0,0,0,0,0,0,0,0,0,30
sim-balanced-4p-017,2,I,4,3,3,2,1,1,0,0,0,1,1,0,0,0,30
sim-balanced-4p-017,3,I,4,1,1,1,2,2,0,0,1,3,3,0,0,10,53
sim-balanced-4p-017,4,I,4,0,1,1,0,0,0,0,1,3,3,0,0,10,92
sim-balanced-4p-017,5,II,4,0,0,0,0,0,0,0,0,3,3,0,0,20,92
sim-balanced-4p-017,6,II,4,1,1,0,3,2,1,0,1,5,5,0,0,20,97
sim-balanced-4p-017,7,II,4,0,0,0,3,3,0,0,0,8,8,0,0,20,97
sim-balanced-4p-017,8,II,4,4,5,3,6,4,1,0,1,12,7,1,1,20,97
sim-balanced-4p-017,9,III,4,0,0,0,0,0,0,0,1,12,7,1,1,40,104
sim-balanced-4p-017,10,III,4,2,2,1,9,7,2,0,1,19,8,4,1,55,115
sim-balanced-4p-017,11,III,4,3,3,2,3,3,0,3,2,19,11,4,0,77,115
sim-balanced-4p-017,12,III,4,2,2,0,6,3,3,0,3,22,10,6,0,99,115
sim-balanced-1p-018,1,I,1,0,0,0,0,0,0,0,0,0,0,0,0,0,0
sim-balanced-1p-018,2,I,1,0,0,0,0,0,0,0,0,0,0,0,0,5,0
sim-balanced-1p-018,3,I,1,0,0,0,0,0,0,0,0,0,0,0,0,5,0
sim-balanced-1p-018,4,I,1,1,1,1,0,0,0,0,0,0,0,0,0,10,0
sim-balanced-1p-018,5,II,1,0,0,0,0,0,0,0,0,0,0,0,0,10,30
sim-balanced-1p-018,6,II,1,0,0,0,0,0,0,0,0,0,0,0,0,10,40
sim-balanced-1p-018,7,II,1,0,0,0,0,0,0,0,0,0,0,0,0,10,60
sim-balanced-1p-018,8,II,1,1,2,1,2,2,0,0,1,2,2,0,0,10,70
sim-balanced-1p-018,9,III,1,0,0,0,0,0,0,0,1,2,2,0,0,15,70
sim-balanced-1p-018,10,III,1,0,0,0,0,0,0,0,1,2,2,0,0,31,70
sim-balanced-1p-018,11,III,1,1,1,1,0,0,0,0,1,2,2,0,0,38,70
sim-balanced-1p-018,12,III,1,1,1,1,4,3,1,0,2,5,3,1,0,44,71
sim-balanced-2p-018,1,I,2,0,0,0,0,0,0,0,0,0,0,0,0,0,0
sim-balanced-2p-018,2,I,2,0,0,0,0,0,0,0,0,0,0,0,0,5,17
sim-balanced-2p-018,3,I,2,0,0,0,0,0,0,0,0,0,0,0,0,10,60
sim-balanced-2p-018,4,I,2,0,0,0,0,0,0,0,0,0,0,0,0,10,106
sim-balanced-2p-018,5,II,2,0,0,0,0,0,0,0,0,0,0,0,0,10,106
sim-balanced-2p-018,6,II,2,1,1,1,0,0,0,0,1,0,0,0,0,20,117
sim-balanced-2p-018,7,II,2,0,0,0,1,1,0,0,1,1,1,0,0,25,132
sim-balanced-2p-018,8,II,2,2,4,2,3,3,0,2,2,1,1,0,0,25,133
sim-balanced-2p-018,9,III,2,0,0,0,0,0,0,0,2,1,1,0,0,35,133
sim-balanced-2p-018,10,III,2,1,1,0,1,1,0,0,3,2,2,0,0,50,134
sim-balanced-2p-018,11,III,2,1,1,1,5,4,1,2,4,4,4,0,0,50,141
sim-balanced-2p-018,12,III,2,1,1,0,1,1,0,0,3,3,3,0,0,73,146
sim-balanced-3p-018,1,I,3,0,0,0,0,0,0,0,0,0,0,0,0,0,15
sim-balanced-3p-018,2,I,3,0,0,0,0,0,0,0,0,0,0,0,0,5,27
sim-balanced-3p-018,3,I,3,0,0,0,0,0,0,0,0,0,0,0,0,5,63
sim-balanced-3p-018,4,I,3,1,1,1,1,1,0,0,0,1,1,0,0,10,75
sim-balanced-3p-018,5,II,3,0,0,0,0,0,0,0,0,1,1,0,0,10,76
sim-balanced-3p-018,6,II,3,2,2,0,4,4,0,0,0,5,2,0,1,10,81
sim-balanced-3p-018,7,II,3,0,0,0,0,0,0,0,0,5,2,0,1,20,86
sim-balanced-3p-018,8,II,3,3,5,0,12,8,4,0,2,13,6,2,1,20,86
sim-balanced-3p-018,9,III,3,0,0,0,0,0,0,2,1,11,6,1,1,20,86
sim-balanced-3p-018,10,III,3,1,1,0,3,2,1,0,1,13,8,1,1,20,86
sim-balanced-3p-018,11,III,3,3,3,1,4,4,0,0,2,17,10,2,1,20,86
sim-balanced-3p-018,12,III,3,2,2,2,0,0,0,0,3,17,10,2,1,30,93
sim-balanced-4p-018,1,I,4,0,0,0,0,0,0,0,0,0,0,0,0,0,30
sim-balanced-4p-018,2,I,4,2,2,1,1,1,0,0,0,1,1,0,0,0,30
sim-balanced-4p-018,3,I,4,1,1,1,1,1,0,0,0,2,2,0,0,0,30
sim-balanced-4p-018,4,I,4,1,1,1,1,0,1,0,0,2,2,0,0,5,56
sim-balanced-4p-018,5,II,4,0,0,0,0,0,0,0,0,2,2,0,0,15,92
sim-balanced-4p-018,6,II,4,0,0,0,0,0,0,0,0,2,2,0,0,15,106
sim-balanced-4p-018,7,II,4,0,0,0,0,0,0,0,0,1,1,0,0,15,126
sim-balanced-4p-018,8,II,4,3,6,3,7,3,4,0,3,4,2,1,0,15,126
sim-balanced-4p-018,9,III,4,1,1,1,0,0,0,0,2,4,2,1,0,15,126
sim-balanced-4p-018,10,III,4,1,1,1,0,0,0,0,3,4,2,1,0,15,126
sim-balanced-4p-018,11,III,4,4,4,1,7,1,6,0,5,5,3,1,0,15,126
sim-balanced-4p-018,12,III,4,3,3,1,4,3,1,0,6,8,6,1,0,15,131
sim-balanced-1p-019,1,I,1,0,0,0,0,0,0,0,0,0,0,0,0,0,0
sim-balanced-1p-019,2,I,1,1,1,1,0,0,0,0,0,0,0,0,0,5,0
sim-balanced-1p-019,3,I,1,0,0,0,0,0,0,0,0,0,0,0,0,5,0
sim-balanced-1p-019,4,I,1,1,1,1,0,0,0,0,0,0,0,0,0,10,0
sim-balanced-1p-019,5,II,1,0,0,0,0,0,0,0,0,0,0,0,0,10,10
sim-balanced-1p-019,6,II,1,1,1,1,0,0,0,0,0,0,0,0,0,10,35
sim-balanced-1p-019,7,II,1,0,0,0,0,0,0,0,0,0,0,0,0,10,50
sim-balanced-1p-019,8,II,1,1,2,1,2,1,1,0,1,1,1,0,0,10,70
sim-balanced-1p-019,9,III,1,0,0,0,0,0,0,0,1,1,1,0,0,10,70
sim-balanced-1p-019,10,III,1,0,0,0,0,0,0,0,1,1,1,0,0,10,70
sim-balanced-1p-019,11,III,1,1,1,1,0,0,0,0,2,1,1,0,0,24,71
sim-balanced-1p-019,12,III,1,0,0,0,0,0,0,0,2,1,1,0,0,31,71
sim-balanced-2p-019,1,I,2,0,0,0,0,0,0,0,0,0,0,0,0,0,0
sim-balanced-2p-019,2,I,2,1,1,1,0,0,0,0,0,0,0,0,0,0,0
sim-balanced-2p-019,3,I,2,0,0,0,0,0,0,0,0,0,0,0,0,5,5
sim-balanced-2p-019,4,I,2,0,0,0,0,0,0,0,0,0,0,0,0,5,20
sim-balanced-2p-019,5,II,2,0,0,0,0,0,0,0,0,0,0,0,0,10,35
sim-balanced-2p-019,6,II,2,0,0,0,0,0,0,0,0,0,0,0,0,10,70
sim-balanced-2p-019,7,II,2,0,0,0,1,1,0,0,0,1,1,0,0,10,86
sim-balanced-2p-019,8,II,2,2,3,3,1,1,0,0,1,2,2,0,0,10,87
sim-balanced-2p-019,9,III,2,0,0,0,0,0,0,0,0,2,2,0,0,20,87
sim-balanced-2p-019,10,III,2,1,1,0,3,2,1,0,1,4,4,0,0,41,89
sim-balanced-2p-019,11,III,2,1,1,0,1,1,0,0,2,5,3,1,0,53,91
sim-balanced-2p-019,12,III,2,2,2,1,1,1,0,0,4,6,4,1,0,59,92
sim-balanced-3p-019,1,I,3,0,0,0,0,0,0,0,0,0,0,0,0,0,21
sim-balanced-3p-019,2,I,3,0,0,0,0,0,0,0,0,0,0,0,0,5,53
sim-balanced-3p-019,3,I,3,1,1,1,0,0,0,0,0,0,0,0,0,10,70
sim-balanced-3p-019,4,I,3,1,1,0,3,3,0,0,0,3,3,0,0,10,104
sim-balanced-3p-019,5,II,3,0,0,0,1,1,0,0,0,4,4,0,0,10,158
sim-balanced-3p-019,6,II,3,2,2,2,0,0,0,0,1,4,4,0,0,15,180
sim-balanced-3p-019,7,II,3,0,0,0,0,0,0,0,1,4,4,0,0,35,205
sim-balanced-3p-019,8,II,3,3,6,2,9,6,2,0,3,10,5,1,1,35,210
sim-balanced-3p-019,9,III,3,1,1,0,3,1,1,0,1,11,5,0,2,40,215
sim-balanced-3p-019,10,III,3,2,2,0,4,2,2,1,2,12,6,0,2,67,218
sim-balanced-3p-019,11,III,3,3,3,2,2,1,1,0,2,13,7,0,2,67,218
sim-balanced-3p-019,12,III,3,2,2,1,3,3,0,2,2,14,8,0,2,89,220
sim-balanced-4p-019,1,I,4,0,0,0,0,0,0,0,0,0,0,0,0,0,30
sim-balanced-4p-019,2,I,4,1,1,1,0,0,0,0,1,0,0,0,0,0,30
sim-balanced-4p-019,3,I,4,1,1,0,4,4,0,0,2,4,4,0,0,0,67
sim-balanced-4p-019,4,I,4,0,1,0,2,2,0,0,1,6,3,0,1,5,70
sim-balanced-4p-019,5,II,4,0,0,0,1,1,0,0,0,7,4,0,1,10,84
sim-balanced-4p-019,6,II,4,0,0,0,0,0,0,2,0,5,5,0,0,10,131
sim-balanced-4p-019,7,II,4,0,0,0,1,0,1,0,0,3,3,0,0,25,142
sim-balanced-4p-019,8,II,4,4,4,3,4,2,2,0,0,5,5,0,0,25,147
sim-balanced-4p-019,9,III,4,0,0,0,0,0,0,0,0,5,5,0,0,45,188
sim-balanced-4p-019,10,III,4,2,2,0,6,5,1,0,0,10,6,2,0,50,201
sim-balanced-4p-019,11,III,4,3,3,3,0,0,0,0,1,10,6,2,0,55,232
sim-balanced-4p-019,12,III,4,4,4,0,11,11,0,0,3,21,8,5,1,65,241
sim-balanced-1p-020,1,I,1,0,0,0,0,0,0,0,0,0,0,0,0,0,0
sim-balanced-1p-020,2,I,1,1,1,1,0,0,0,0,0,0,0,0,0,5,0
sim-balanced-1p-020,3,I,1,0,0,0,0,0,0,0,0,0,0,0,0,5,0
sim-balanced-1p-020,4,I,1,1,1,1,0,0,0,0,0,0,0,0,0,10,0
sim-balanced-1p-020,5,II,1,0,0,0,0,0,0,0,0,0,0,0,0,10,25
sim-balanced-1p-020,6,II,1,0,0,0,0,0,0,0,0,0,0,0,0,10,40
sim-balanced-1p-020,7,II,1,0,0,0,0,0,0,0,0,0,0,0,0,15,55
sim-balanced-1p-020,8,II,1,1,1,1,0,0,0,0,0,0,0,0,0,15,62
sim-balanced-1p-020,9,III,1,0,0,0,0,0,0,0,0,0,0,0,0,20,62
sim-balanced-1p-020,10,III,1,0,0,0,0,0,0,0,0,0,0,0,0,29,72
sim-balanced-1p-020,11,III,1,1,1,0,2,2,0,0,1,2,2,0,0,36,72
sim-balanced-1p-020,12,III,1,1,1,0,1,1,0,0,2,3,3,0,0,43,72
sim-balanced-2p-020,1,I,2,0,0,0,0,0,0,0,0,0,0,0,0,0,0
sim-balanced-2p-020,2,I,2,0,0,0,0,0,0,0,0,0,0,0,0,0,0
sim-balanced-2p-020,3,I,2,0,0,0,0,0,0,0,0,0,0,0,0,0,5
sim-balanced-2p-020,4,I,2,0,0,0,0,0,0,0,0,0,0,0,0,0,20
sim-balanced-2p-020,5,II,2,0,0,0,0,0,0,0,0,0,0,0,0,20,46
sim-balanced-2p-020,6,II,2,1,1,1,0,0,0,0,1,0,0,0,0,25,91
sim-balanced-2p-020,7,II,2,0,0,0,0,0,0,0,1,0,0,0,0,25,96
sim-balanced-2p-020,8,II,2,2,5,4,2,1,1,0,3,1,1,0,0,25,104
sim-balanced-2p-020,9,III,2,1,1,1,4,4,0,0,2,3,0,0,1,25,104
sim-balanced-2p-020,10,III,2,2,2,1,3,3,0,0,1,3,1,1,0,25,104
sim-balanced-2p-020,11,III,2,1,1,0,3,3,0,0,1,5,3,1,0,35,119
sim-balanced-2p-020,12,III,2,1,1,1,0,0,0,0,2,5,3,1,0,50,129
sim-balanced-3p-020,1,I,3,0,0,0,0,0,0,0,0,0,0,0,0,0,15
sim-balanced-3p-020,2,I,3,1,1,0,1,1,0,0,0,1,1,0,0,0,30
sim-balanced-3p-020,3,I,3,1,1,0,1,1,0,0,0,2,2,0,0,0,35
sim-balanced-3p-020,4,I,3,0,0,0,0,0,0,0,0,2,2,0,0,0,35
sim-balanced-3p-020,5,II,3,0,0,0,0,0,0,0,0,2,2,0,0,49,91
sim-balanced-3p-020,6,II,3,2,2,2,0,0,0,0,0,0,0,0,0,54,102
sim-balanced-3p-020,7,II,3,0,0,0,2,1,1,0,0,1,1,0,0,54,104
sim-balanced-3p-020,8,II,3,3,3,1,4,3,1,0,0,4,4,0,0,54,104
sim-balanced-3p-020,9,III,3,0,0,0,0,0,0,0,0,4,4,0,0,69,114
sim-balanced-3p-020,10,III,3,1,1,1,0,0,0,0,0,4,4,0,0,85,116
sim-balanced-3p-020,11,III,3,1,1,0,1,0,1,0,0,4,4,0,0,111,118
sim-balanced-3p-020,12,III,3,1,1,0,1,0,1,0,0,4,4,0,0,126,129
sim-balanced-4p-020,1,I,4,0,0,0,0,0,0,0,0,0,0,0,0,0,30
sim-balanced-4p-020,2,I,4,1,1,0,1,1,0,0,1,1,1,0,0,0,30
sim-balanced-4p-020,3,I,4,0,0,0,2,2,0,0,0,3,3,0,0,0,32
sim-balanced-4p-020,4,I,4,0,0,0,1,1,0,0,0,4,4,0,0,10,74
sim-balanced-4p-020,5,II,4,0,0,0,3,3,0,0,0,7,7,0,0,15,85
sim-balanced-4p-020,6,II,4,1,1,1,1,0,1,0,0,7,7,0,0,20,91
sim-balanced-4p-020,7,II,4,0,0,0,2,1,1,0,0,6,6,0,0,25,101
sim-balanced-4p-020,8,II,4,4,4,2,4,2,2,1,0,7,7,0,0,30,122
sim-balanced-4p-020,9,III,4,0,0,0,0,0,0,0,0,7,7,0,0,80,172
sim-balanced-4p-020,10,III,4,3,3,1,2,1,1,0,0,8,8,0,0,115,184
sim-balanced-4p-020,11,III,4,2,2,0,5,5,0,1,0,12,8,2,0,150,199
sim-balanced-4p-020,12,III,4,3,3,2,1,0,1,0,0,12,8,2,0,164,202